code,name,预低
601118,海南橡胶,-0.1947954595
000713,丰乐种业,-0.4310359657
600354,敦煌种业,-1.7007055283
002556,辉隆股份,-0.6457163095
600313,农发种业,-0.661229372
600598,北大荒,0.0024545789
600359,新农开发,-0.4705663919
600108,亚盛集团,-0.1090740561
601952,苏垦农发,-0.1904962957
600883,博闻科技,-0.7061641812
600371,万向德农,-1.3691627979
600540,新赛股份,-0.2691984177
000998,隆平高科,-0.5616562963
002041,登海种业,-0.3340064287
002772,众兴菌业,-0.3053995371
000663,永安林业,-0.7736026049
000592,平潭发展,0.1456340551
002679,福建金森,-0.6203355789
600265,景谷林业,
002299,圣农发展,-0.6002220511
002234,民和股份,-0.9341032505
002458,益生股份,-0.6342279911
603717,天域生物,-0.9035716057
002714,牧原股份,-1.4831206799
600097,开创国际,-0.9404240847
002746,仙坛股份,-0.6156567335
603477,巨星农牧,-1.0969624519
605296,神农集团,-0.9134551883
000735,罗 牛 山,-0.8802245855
002688,金河生物,-1.2898350954
603566,普莱柯,-0.8059157729
000798,中水渔业,-1.2466921806
002069,獐子岛,-0.816922307
002982,湘佳股份,-0.9117606878
600975,新五丰,-1.0658288002
600201,生物股份,-0.8064592481
002157,正邦科技,-0.640799284
600195,中牧股份,-0.598679781
002321,华英农业,-0.4065211713
600965,福成股份,-1.1908475161
002868,绿康生化,-1.5023533106
001201,东瑞股份,-0.6512790322
600467,好当家,-1.782341361
600257,大湖股份,-0.9380909204
000048,京基智农,-0.625153482
603718,海利生物,-1.201993227
002891,中宠股份,0.4483718872
002286,保龄宝,-0.734057188
600737,中粮糖业,-0.7307543755
003030,祖名股份,-0.3858361542
002481,双塔食品,0.1528075337
000911,广农糖业,-0.6730495691
001338,永顺泰,-0.7389250994
000930,中粮科技,-0.5116468072
600191,华资实业,-1.2430927753
600251,冠农股份,-0.2818469703
603336,宏辉果蔬,-0.7618358135
000972,中基健康,-0.378964901
002311,海大集团,-1.2351632118
002696,百洋股份,-0.5679568648
001313,粤海饲料,0.0910844207
603668,天马科技,-0.6490373611
002100,天康生物,-0.7355993986
000876,新 希 望,-0.9432480931
002567,唐人神,-0.5518814921
603609,禾丰股份,-0.2385859787
603151,邦基科技,-1.2511816025
001366,播恩集团,-0.3414419293
002385,大北农,-0.9061424136
002548,金新农,-0.2536901236
000702,正虹科技,-3.7139787674
000019,深粮控股,-0.3884288371
600127,金健米业,-0.7246728539
002852,道道全,-0.6016384363
000505,京粮控股,-1.0730788708
600811,东方集团,-1.7324371338
603182,嘉华股份,-0.0731518269
000638,万方发展,-0.7380504608
601011,宝泰隆,-0.7310575843
600408,安泰集团,-0.6907163858
600740,山西焦化,-0.7323194742
000723,美锦能源,-1.0258727074
600792,云煤能源,-0.9922663569
601015,陕西黑猫,-1.0982778072
601088,中国神华,-0.8266786933
600925,苏能股份,-0.3973241746
601225,陕西煤业,-0.3218548894
002128,电投能源,-0.6111363173
600188,兖矿能源,-0.4438548386
000552,甘肃能化,-0.6103026271
600758,辽宁能源,-0.151899159
600121,郑州煤电,-0.9111708999
600508,上海能源,-0.2966521978
600123,兰花科创,-1.0258750916
600395,盘江股份,-0.4000598192
601898,中煤能源,-1.7048492432
601001,晋控煤业,-1.3088542223
000937,冀中能源,-0.3056290746
600726,华电能源,-0.767464757
601918,新集能源,-0.9974963665
600348,华阳股份,-0.7892327309
000983,山西焦煤,-0.5663089156
600985,淮北矿业,-0.5381907225
600546,山煤国际,-0.9585295916
601101,昊华能源,-0.3271485865
601666,平煤股份,-1.2290666103
601699,潞安环能,-0.5071960688
600971,恒源煤电,-0.6896789074
600403,大有能源,-0.4822220802
600997,开滦股份,-0.4084964395
600397,安源煤业,-0.6488673091
000571,新大洲A,-1.1585505009
603113,金能科技,-0.5524537563
600256,广汇能源,-1.1785899401
603393,新天然气,-1.1656475067
600759,洲际油气,-0.4658291638
600871,石化油服,-0.7190235853
600968,海油发展,-0.5291339755
600339,中油工程,-0.712634325
600583,海油工程,-0.510130167
000968,蓝焰控股,-0.2462762743
002554,惠博普,-0.5870081782
600938,中国海油,-0.4011901021
002207,准油股份,-0.8031013012
002828,贝肯能源,-0.6836224794
603727,博迈科,-0.7171849012
603619,XD中曼石,-0.6182412505
601808,中海油服,-0.3825023174
002629,仁智股份,-0.9675754309
600955,维远股份,-0.3929938376
600746,江苏索普,0.0796865225
600989,宝丰能源,-0.3285575509
600623,华谊集团,-0.5592186451
000691,亚太实业,-1.6899456978
000830,鲁西化工,0.0077854097
000990,诚志股份,-0.582903266
002469,三维化学,-0.4797338247
603227,雪峰科技,-0.7296594381
603276,恒兴新材,-0.5093465447
002109,兴化股份,-1.0695420504
002274,华昌化工,-0.5531557798
600423,柳化股份,-0.4240662456
603938,三孚股份,-0.4047504663
600722,金牛化工,-1.0013394356
600610,中毅达,-0.779722929
600844,丹化科技,-0.3864861131
001217,华尔泰,-0.4866807759
600319,亚星化学,-0.9628366232
000818,航锦科技,-0.8829692602
603213,镇洋发展,-0.2965301275
601568,北元集团,-0.3988311291
600618,氯碱化工,-0.148127079
600935,华塑股份,-0.5154656172
601678,滨化股份,-0.4671803415
002386,天原股份,-1.4488831758
600075,新疆天业,0.1042646766
000635,英 力 特,-0.2990091145
601216,君正集团,-0.4289045036
000510,新金路,-3.2508993149
002053,云南能投,-0.6035709381
603299,苏盐井神,-0.0522069335
601065,江盐集团,-0.4334901571
603067,振华股份,-0.6973056793
003017,大洋生物,-0.9721740484
600929,雪天盐业,-0.3089647293
600328,中盐化工,-0.9947850704
600714,金瑞矿业,0.4637460113
600367,红星发展,0.1262232661
600409,三友化工,-0.3507682681
000707,双环科技,-0.194765836
000683,远兴能源,-0.0780617297
000822,山东海化,-0.2104354203
002601,龙佰集团,-0.4531984925
002136,安 纳 达,-0.3979862928
002145,中核钛白,-0.5502942801
000545,金浦钛业,-0.9989709854
600586,金晶科技,-0.9443155527
002211,宏达新材,-3.0349459648
603281,江瀚新材,-0.79298985
002909,集泰股份,-0.7114229202
605399,晨光新材,-1.4618185759
600596,新安股份,-1.4990930557
603260,合盛硅业,-1.8682626486
603155,新亚强,-0.9607442617
605366,宏柏新材,-0.7098022103
603188,亚邦股份,9.0268354416
600352,浙江龙盛,-0.279733181
002440,闰土股份,-0.8218928576
603980,吉华集团,-0.4079938531
605566,福莱蒽特,0.0282734036
002054,德美化工,-0.7530201077
603172,万丰股份,-0.6886122227
603790,雅运股份,-0.4920492172
603360,百傲化学,-1.1084671021
002734,利民股份,-0.7061448097
600486,扬农化工,-0.951452136
002215,诺 普 信,-0.4702247679
002749,国光股份,-1.196349144
600731,湖南海利,-0.4257425368
603639,海利尔,-0.4661028683
603086,先达股份,-0.1341072321
002258,利尔化学,-0.5710701942
002391,长青股份,-0.390311718
003042,中农联合,-1.1202300787
002250,联化科技,-0.488232553
600389,江山股份,-0.9166991115
603599,广信股份,-0.7296391726
603810,丰山集团,-0.7359046936
603585,苏利股份,-0.4567397535
000553,安道麦A,-1.2742809057
603970,中农立华,-0.7484374046
001231,农心科技,-0.3782581091
605033,美邦股份,-0.4460465908
002513,蓝丰生化,-3.8066239357
002942,新农股份,-0.7119567394
002496,辉丰股份,-0.8014012575
003002,壶化股份,-1.9230071306
002683,广东宏大,-1.9265716076
002096,易普力,-1.4926630259
002360,同德化工,-0.6146848202
603977,国泰集团,-2.6285042763
002783,凯龙股份,-0.5325947404
002226,江南化工,-0.3155034184
002917,金奥博,-0.7537411451
002246,北化股份,-1.8331967592
002037,保利联合,-2.6269106865
002827,高争民爆,-2.163531065
000902,新洋丰,-1.1635183096
002588,史丹利,-0.9959951639
002539,云图控股,-0.4360432625
002538,司尔特,-0.8189620972
002999,天禾股份,-0.6572196484
002170,芭田股份,-0.7735805511
002470,金正大,-0.3753839731
002312,川发龙蟒,-2.9871377945
600096,云天化,-0.6148878336
603077,和邦生物,-0.6663738489
600141,兴发集团,-0.5877707005
002895,川恒股份,-1.9141223431
600470,六国化工,-0.2624214292
600331,宏达股份,-1.6627844572
000422,湖北宜化,-1.2859141827
600078,澄星股份,-1.4132339954
603505,金石资源,-1.1245414019
600160,巨化股份,-1.6437451839
603379,三美股份,-1.2932572365
600378,昊华科技,-1.1877552271
002326,永太科技,-0.9087197781
605020,永和股份,-0.0366384983
002407,多氟多,-0.6683223248
002915,中欣氟材,-1.6292334795
600299,安迪苏,-1.3336141109
600873,梅花生物,-1.176409483
002562,兄弟科技,-1.1386582851
603020,爱普股份,-0.81621629
002597,金禾实业,-1.2242558002
600866,星湖科技,-0.7837005258
603079,圣达生物,-1.3011614084
605077,华康股份,-0.8121849895
603968,醋化股份,-2.0986905098
603739,蔚蓝生物,0.6001669168
605016,百龙创园,-1.2979233265
000893,亚钾国际,-0.7997819781
000792,盐湖股份,-1.2012915611
002545,东方铁塔,-0.9897611141
000408,藏格矿业,-0.8989849091
603010,万盛股份,-1.6481240988
603722,阿科力,-1.362615943
002637,赞宇科技,-1.476510644
603822,嘉澳环保,-3.4578604698
002810,山东赫达,-1.2878330946
002648,卫星化学,-0.5822738409
000881,中广核技,-1.3762717247
603181,皇马科技,-1.1757276058
002666,德联集团,-0.6868656874
600273,嘉化能源,-0.7170924544
603948,建业股份,-1.1271119118
603867,新化股份,-1.0767672062
002669,康达新材,-1.2135803699
600500,中化国际,-1.2586922646
603681,永冠新材,-1.1092236042
001218,丽臣实业,-0.8036237359
603916,苏博特,-0.5616782308
002971,和远气体,-1.2985897064
603125,常青科技,-1.4392923117
002453,华软科技,-1.2217969894
603217,元利科技,-1.6857110262
603065,宿迁联盛,-1.1039721966
002430,杭氧股份,-1.4932733774
002809,红墙股份,-0.7958415151
603683,晶华新材,-2.2885580063
002591,恒大高新,-0.7969512939
002802,洪汇新材,-1.0667498112
603051,鹿山新材,-1.2712833881
600727,鲁北化工,-1.1648600101
603255,鼎际得,-1.57056427
002455,百川股份,-1.5022625923
000912,泸天化,-0.4090152383
000731,四川美丰,-1.3062353134
600426,华鲁恒升,-0.7356672883
600227,赤天化,-0.9809251428
600691,阳煤化工,-0.8267902136
002319,乐通股份,-0.9004321098
000565,渝三峡Ａ,-1.286382556
603823,百合花,0.104752183
603110,东方材料,-1.8152315617
603192,汇得科技,-0.9024891257
600230,沧州大化,-1.0311071873
002165,红 宝 丽,-1.0493614674
603041,美思德,-0.5829507709
600309,万华化学,-0.9875876904
002497,雅化集团,-0.6357930899
603725,天安新材,-2.1311092377
002443,金洲管道,-1.0507507324
002318,久立特材,-1.1086118221
600399,抚顺特钢,-3.7198371887
000825,太钢不锈,-0.8481985331
600507,方大特钢,-1.0576815605
002478,常宝股份,-0.9143782258
000708,中信特钢,-1.2067545652
603995,甬金股份,-1.0592479706
603191,望变电气,-0.9887005091
600117,西宁特钢,-1.793341279
002075,沙钢股份,-3.2491679192
000778,新兴铸管,-0.7714833021
600282,南钢股份,-1.1074593067
000959,首钢股份,-0.5271216035
000709,河钢股份,-0.741281271
600782,新钢股份,-1.4341951609
601686,友发集团,-0.991692543
000898,鞍钢股份,-1.1387965679
600808,马钢股份,-0.1967358887
600022,山东钢铁,-0.6437200308
600019,宝钢股份,-0.9688075781
600126,杭钢股份,-0.553324461
601005,重庆钢铁,-2.3708143234
600010,包钢股份,-0.8891431093
600581,八一钢铁,-0.7807211876
600307,酒钢宏兴,-1.6495375633
603878,武进不锈,-0.4296909571
601003,柳钢股份,-0.3408242464
000761,本钢板材,-0.520504415
600569,安阳钢铁,-1.32041049
000932,华菱钢铁,-1.0334976912
600231,凌钢股份,-1.218672514
002110,三钢闽光,-0.8564288616
000717,中南股份,-3.1291604042
600516,方大炭素,-0.7092057467
001203,大中矿业,-0.6644998193
000629,钒钛股份,-1.097764492
000655,金岭矿业,-0.4058127403
600295,鄂尔多斯,-1.3577340841
600382,广东明珠,-0.5348792672
601121,宝地矿业,-0.3462441564
000923,河钢资源,-0.9355120659
601969,海南矿业,-0.664064765
603978,深圳新星,-3.3617959023
000969,安泰科技,-1.1306893826
603045,福达合金,-1.6356129646
601137,博威合金,-1.103153944
605158,华达新材,-3.3234934807
600255,鑫科材料,-0.6641606092
000633,合金投资,-1.0730085373
000795,英洛华,-0.3439668119
600366,宁波韵升,-0.965957284
000970,中科三环,-0.6652479172
603256,宏和科技,-1.1061441898
000012,南  玻Ａ,-0.2343642116
002080,中材科技,-0.4837617874
603601,再升科技,-0.9622710943
002613,北玻股份,-0.5196550488
600293,三峡新材,-1.5572906733
600819,耀皮玻璃,-0.8938364983
600176,中国巨石,-1.1573938131
605006,山东玻纤,-0.1977183521
601636,旗滨集团,-1.3210124969
002201,正威新材,-0.3857996464
002457,青龙管业,-2.5461153984
603856,东宏股份,-1.4406739473
002641,公元股份,-0.765244782
002694,顾地科技,-0.5274273157
002372,伟星新材,-1.909034729
603616,韩建河山,-1.3783400059
002205,国统股份,-1.5844341516
605122,四方新材,-2.3012237549
000935,四川双马,8.502073288
003037,三和管桩,-0.762078166
600425,青松建化,-1.4714823961
002233,塔牌集团,-1.2104798555
002671,龙泉股份,-1.033727169
600585,海螺水泥,-0.7643616796
000401,冀东水泥,-1.3813724518
600668,尖峰集团,-0.7921440601
000672,上峰水泥,-2.2598876953
000877,天山股份,-2.285800457
000789,万年青,-2.1793546677
601992,金隅集团,-1.5796467066
600801,华新水泥,-1.8744039536
600449,宁夏建材,-1.7488083839
002596,海南瑞泽,-1.6024798155
600678,四川金顶,-6.7322187424
600802,福建水泥,-1.1160339117
002302,西部建设,-5.1187901497
600326,西藏天路,-1.5709799528
605318,法狮龙,-0.1246730685
002247,聚力文化,-1.027004838
002785,万里石,-2.0505027771
001296,长江材料,-0.7912681103
002398,垒知集团,-0.7787572145
002043,兔 宝 宝,-0.7438685894
002333,罗普斯金,-0.4489780664
002718,友邦吊顶,-0.1478770077
000786,北新建材,-1.0347608328
000055,方大集团,-0.3427630067
002791,坚朗五金,-2.0167593956
001212,中旗新材,-0.8183951378
603038,华立股份,8.5199184418
603378,亚士创能,-1.304236412
002652,扬子新材,-0.937582612
002271,东方雨虹,-1.7240681648
603737,三棵树,-2.5822038651
000619,海螺新材,-1.050927639
002392,北京利尔,0.0624615252
002088,鲁阳节能,-0.1418482959
002225,濮耐股份,-0.3411521912
002066,瑞泰科技,0.1771491766
000546,金圆股份,-0.6996701956
603316,诚邦股份,-1.7100747824
605178,时空科技,-0.0549336672
603137,恒尚节能,-0.5368021131
002856,美芝股份,-1.9211953878
002775,文科股份,-1.4913725853
001267,汇绿生态,-1.3388200998
601886,江河集团,-0.8140900135
002830,名雕股份,-1.7277075052
002047,宝鹰股份,
002081,金 螳 螂,-0.7662500143
002620,瑞和股份,-1.6836215258
002963,豪尔赛,-1.645190239
002431,棕榈股份,-0.8086020947
605289,罗曼股份,-0.9572952986
605287,德才股份,-2.6056475639
603030,全筑股份,-1.4064302444
002713,东易日盛,7.105453968
002663,普邦股份,-1.0722820759
002789,建艺集团,-0.7486267686
002163,海南发展,-0.0284886062
002989,中天精装,-2.5529503822
002375,亚厦股份,-0.9398076534
603955,大千生态,-1.144217968
000010,美丽生态,-0.2473959327
600193,创兴资源,-0.168407619
002482,广田集团,-0.300745815
605303,园林股份,-1.5690692663
002949,华阳国际,-1.55907166
002811,郑中设计,-0.9878630638
603018,华设集团,-0.8659404516
600667,太极实业,-1.823793292
603153,上海建科,-0.68054986
603357,设计总院,-0.3425848484
603909,建发合诚,-6.6242256165
002116,中国海诚,-1.7631014585
603458,勘设股份,-1.4333262444
600629,华建集团,-1.0024400949
603860,中公高科,-2.7837777138
603017,中衡设计,-0.8403377533
002883,中设股份,-1.7101670504
600720,中交设计,-0.8855695128
003013,地铁设计,-0.3418563902
000779,甘咨询,-1.6627811193
000032,深桑达Ａ,-1.465241313
600970,中材国际,-0.2968331277
603929,亚翔集成,-0.6829810143
600496,精工钢构,-0.6243748665
601133,柏诚股份,-0.9060232043
000065,北方国际,-1.936858058
002051,中工国际,-1.1756856441
605167,利柏特,-1.1877348423
000928,中钢国际,-1.2808940411
601226,华电重工,-0.2173110992
002135,东南网架,-0.4858770967
601117,中国化学,-1.7996916771
002140,东华科技,-0.7582373619
600477,杭萧钢构,-1.0243394375
603637,镇海股份,-0.9229198098
002743,富煌钢构,-0.4781820476
002593,日上集团,-0.7333402634
601618,中国中冶,-1.7661783695
601068,中铝国际,-1.8520176411
603163,圣晖集成,-1.2622271776
605598,上海港湾,-0.8771921992
603098,森特股份,-1.1498763561
003001,中岩大地,-2.6418747902
002323,雅博股份,-0.6241614819
002542,中化岩土,5.5132656097
002541,鸿路钢构,-0.9741829634
000628,高新发展,-1.0794272423
601668,中国建筑,-2.1672465801
600248,陕建股份,-1.6301482916
600491,龙元建设,-1.2674601078
600170,上海建工,-0.5980816483
600939,重庆建工,-6.1911120415
601789,宁波建工,-0.6831002235
002761,浙江建投,-1.0644924641
600820,隧道股份,-0.4430634081
002062,宏润建设,-0.3214704692
600512,腾达建设,-0.4620187283
600284,浦东建设,-0.2477226257
601611,中国核建,-1.4556701183
600502,安徽建工,-0.7335447073
601186,中国铁建,-2.6806149483
002061,浙江交科,-1.0295655727
601868,中国能建,-0.4611438215
601390,中国中铁,-1.6334930658
603176,汇通集团,-2.2642893791
002941,新疆交建,-1.996842742
603815,交建股份,-3.240418911
002307,北新路桥,-2.0498013496
002060,广东建工,-1.0640618801
600039,四川路桥,-1.9326649904
600853,龙建股份,-0.1203378439
002628,成都路桥,5.7553467751
601669,中国电建,-1.186166048
601800,中国交建,-2.6855149269
000498,山东路桥,-1.9716145992
600133,东湖高新,-2.4812846184
603843,正平股份,-0.9402108192
000159,国际实业,-1.926219821
002347,泰尔股份,-1.5084965229
000595,宝塔实业,-3.0453338623
603699,纽威股份,-0.5583511591
600114,东睦股份,-2.5542640686
603969,银龙股份,-1.4813547134
603667,五洲新春,-0.7425428033
002438,江苏神通,-0.8764489293
000039,中集集团,-1.0843439102
002445,中南文化,-1.2045445442
601177,杭齿前进,-1.2182837725
002843,泰嘉股份,-3.8631310463
601002,晋亿实业,-0.6629149914
603270,金帝股份,-0.2769832611
002342,巨力索具,-0.5144481659
600592,龙溪股份,-0.9983529449
600558,大西洋,-1.7839791775
002871,伟隆股份,-0.2914178073
002026,山东威达,-0.6539623141
000777,中核科技,-0.9062533379
002795,永和智控,-1.7785179615
002877,智能自控,-0.7672937512
002896,中大力德,-0.5218349099
603915,国茂股份,-0.5638795495
603308,应流股份,-0.4090280235
605100,华丰股份,-0.6721896529
600992,贵绳股份,-1.0095630884
002150,通润装备,-0.8899237514
002132,恒星科技,-1.3926469088
002164,宁波东力,-0.2991663218
600860,京城股份,-0.6177989841
002514,宝馨科技,-0.2045960724
002931,锋龙股份,-1.233992219
603278,大业股份,-1.0932440758
603028,赛福天,-0.2831084132
002633,申科股份,-0.9355896115
600421,华嵘控股,-1.9836022854
600243,青海华鼎,-3.5679187775
001696,宗申动力,6.1437206268
603757,大元泵业,-0.9057326913
002884,凌霄泵业,-0.8650392294
002444,巨星科技,-1.0616291761
603201,常润股份,-1.227533102
002598,山东章鼓,0.0187758505
603331,百达精工,-1.2594190836
603131,上海沪工,-2.0220692158
002530,金财互联,-0.3410324156
600343,航天动力,-1.4884004593
603269,海鸥股份,-0.7527523041
605060,联德股份,-0.3737421036
603617,君禾股份,-0.4854695499
002272,川润股份,8.630610466
603090,宏盛股份,-0.6342256069
603662,柯力传感,-1.6447893381
002819,东方中科,-1.1625795364
002767,先锋电子,-0.5343128443
603100,川仪股份,-1.3343143463
002058,威尔泰,-1.4335459471
002175,东方智造,-1.0178329945
002849,威星智能,-3.0853977203
603700,宁水集团,-0.7870272994
605056,咸亨国际,-2.6618089676
002685,华东重机,5.8438725471
002760,凤形股份,-0.9992135763
002046,国机精工,-0.9044010639
600172,黄河旋风,-0.8113174438
002282,博深股份,-0.8605163097
000410,沈阳机床,1.3550140858
000837,秦川机床,-0.182138592
002943,宇晶股份,-0.8731218576
003025,思进智能,-1.7616666555
002903,宇环数控,-0.3341718316
002248,华东数控,-0.1364236176
002559,亚威股份,-0.6376925707
603088,宁波精达,-0.943205595
601882,海天精工,-0.0803892016
002122,汇洲智能,-0.7550287247
002520,日发精机,-0.9078387022
002158,汉钟精机,-0.9217034578
000811,冰轮环境,-0.534734726
603339,四方科技,-1.4830898046
603277,银都股份,-0.9117618799
603912,佳力图,-0.8874580264
600202,哈空调,-1.7077440023
002639,雪人股份,-0.8476806879
000530,冰山冷热,-0.4842813313
603187,海容冷链,-0.7409334183
002686,亿利达,-1.0643063784
601369,陕鼓动力,-1.3986827135
603611,诺力股份,-0.8738358021
002131,利欧股份,-0.3098466098
000816,智慧农业,-1.3705666065
000528,柳    工,-0.5339653492
000425,徐工机械,-0.7936819196
605305,中际联合,-0.9179238081
600031,三一重工,-0.9273308516
000680,山推股份,-0.8646758795
603338,浙江鼎力,-0.8623610735
605389,长龄液压,-0.9703947306
603280,南方路机,-1.1281212568
603638,艾迪精密,-0.7006630301
002097,山河智能,0.4642060995
001226,拓山重工,-0.5922609568
000157,中联重科,-0.8321701288
600815,厦工股份,-0.61330235
601100,恒立液压,-0.9987384081
600984,建设机械,-1.2448498011
600761,安徽合力,-1.4533022642
603298,杭叉集团,-2.4946198463
600560,金自天正,-0.948558867
601106,中国一重,-1.3951318264
603036,如通股份,-0.6916871071
001332,锡装股份,-1.3601405621
000852,石化机械,-0.7800755501
600169,太原重工,-1.2289330959
002204,大连重工,-1.2142211199
600980,北矿科技,-1.3685483932
600320,振华重工,-1.4448170662
002483,润邦股份,-0.9032400846
002353,杰瑞股份,-1.6317971945
603135,中重科技,-0.9077337384
601399,国机重装,-1.2682101727
002523,天桥起重,-1.0761246681
600262,北方股份,-1.049767971
603012,创力集团,-1.5589350462
002730,电光科技,-1.0061681271
001360,南矿集团,-2.094625473
002535,林州重机,-0.8103306293
601608,中信重工,-1.0097113848
601798,蓝科高新,-0.7549546957
600582,天地科技,-1.0521199703
001225,和泰机电,-1.273537755
603169,兰石重装,-1.9529876709
002278,神开股份,-0.4441076219
601717,郑煤机,-1.287134409
603966,法兰泰克,-1.2426058054
001288,运机集团,-2.1042280197
603698,航天工程,-1.0226243734
002526,山东矿机,-1.2036436796
603173,福斯达,-0.8462927341
603800,洪田股份,-0.8842777014
002691,冀凯股份,-0.91956532
002816,和科达,-1.3963513374
002786,银宝山新,-1.4174940586
600520,文一科技,
002595,豪迈科技,-1.3097097874
002779,中坚科技,-2.2169268131
002837,英维克,-1.0749819279
605259,绿田机械,-0.2534227669
002690,美亚光电,-1.1592508554
600579,克劳斯,-0.5877197385
002009,天奇股份,-1.3467675447
002006,精工科技,-1.4230260849
600444,国机通用,-1.9352431297
002757,南兴股份,-1.2139143944
002337,赛象科技,-0.7496820688
603656,泰禾智能,8.1483879089
603289,泰瑞机器,-0.7171092629
002031,巨轮智能,-2.6363997459
000856,冀东装备,-1.2648899555
603895,天永智能,-1.5695185661
600499,科达制造,-1.0714181662
603011,合锻智能,-3.1767363548
603159,上海亚虹,-1.2215673923
002073,软控股份,-0.3250573277
603956,威派格,-1.0972784758
603081,大丰实业,-1.8434668779
603855,华荣股份,-0.9140039682
002833,弘亚数控,-1.2241647243
600501,航天晨光,-0.9148118496
002529,海源复材,-0.9365895391
603076,乐惠国际,-0.8375918269
603488,展鹏科技,-0.650265336
605286,同力日升,-0.9897366166
603321,梅轮电梯,-0.3668982983
603356,华菱精工,-3.2102379799
600835,上海机电,-1.1171697378
002367,康力电梯,-0.6684826612
002774,快意电梯,-0.3390720785
002960,青鸟消防,-0.4607587159
600894,广日股份,-0.925912261
002689,远大智能,-0.8359832764
002722,物产金轮,-1.7258788347
603337,杰克股份,-1.2237302065
600232,金鹰股份,-0.7275197506
603095,越剑智能,-0.7125174403
002021,中捷资源,-0.5534533262
600545,卓郎智能,-1.3388137817
003036,泰坦股份,-0.9675188065
600302,标准股份,-0.4590332508
600843,上工申贝,2.2619447708
002890,弘宇股份,-1.2311462164
601038,一拖股份,-0.7747459412
603029,天鹅股份,-1.5339311361
603789,星光农机,-0.4624419808
001256,炜冈科技,-0.5201069713
002209,达 意 隆,-0.6540772319
603901,永创智能,-0.5100067854
002611,东方精工,-0.6206681132
002134,天津普林,-4.0272507668
600460,士兰微,-3.351829052
600171,上海贝岭,6.7218556404
603160,汇顶科技,-3.7683944702
603893,瑞芯微,-3.6278457642
603290,斯达半导,-2.2796292305
003026,中晶科技,-4.0371751785
002049,紫光国微,-2.6392154694
002185,华天科技,-2.0562663078
600584,长电科技,-2.6704921722
605358,立昂微,-1.9154049158
603920,世运电路,-1.6270343065
603005,晶方科技,-2.1617679596
603068,博通集成,-1.780575037
002119,康强电子,-3.1036367416
600877,电科芯片,-3.1776790619
002371,北方华创,-2.3835921288
002077,大港股份,-2.8123168945
603186,华正新材,-2.9565701485
003043,华亚智能,-2.4586286545
605111,新洁能,-2.2773826122
603690,至纯科技,-3.6909923553
002079,苏州固锝,-3.3715696335
603501,韦尔股份,-1.7695994377
600206,有研新材,-2.2364587784
002156,通富微电,-2.1904644966
600563,法拉电子,-2.2112998962
603986,兆易创新,-2.963488102
600745,闻泰科技,-2.5270075798
002916,深南电路,-2.0398521423
002409,雅克科技,-2.6017885208
600601,方正科技,-1.7344692945
603328,依顿电子,-1.8420518637
002484,江海股份,-1.8583282232
002463,沪电股份,-1.8399579525
603738,泰晶科技,-1.7704318762
002138,顺络电子,-1.8422646523
002636,金安国纪,-1.5910261869
603061,金海通,-4.2646098137
000636,风华高科,-1.7215628624
002938,鹏鼎控股,-1.9782594442
002436,兴森科技,-1.878531456
002815,崇达技术,-1.8090045452
002552,宝鼎科技,-1.4046549797
000823,超声电子,-1.7653012276
002913,奥士康,-1.7593616247
002579,中京电子,-2.3673701286
603936,博敏电子,-1.7331831455
603386,骏亚科技,-1.8077453375
600183,生益科技,-1.7749153376
603989,艾华集团,-1.8240619898
605058,澳弘电子,-1.7163777351
603228,景旺电子,-1.8501666784
002199,东晶电子,0.8600424528
600237,铜峰电子,-2.249352932
002384,东山精密,-2.5442905426
605258,协和电子,-1.8817090988
001309,德明利,-1.2055654526
002983,芯瑞达,-1.617131114
600703,三安光电,-0.831751585
603685,晨丰科技,-0.6459382772
603303,得邦照明,-1.4698966742
600651,飞乐音响,-0.9310021996
002745,木林森,-0.7485147715
002449,国星光电,-0.4662227631
002137,实益达,-0.889572084
605365,立达信,-1.1182544231
603515,欧普照明,-1.0172567368
000541,佛山照明,-0.6837674975
002587,奥拓电子,-0.8518345356
002654,万润科技,-2.0976643562
002076,星光股份,-2.6140413284
002992,宝明科技,-1.1067621708
600261,阳光照明,-0.8483577371
002723,小崧股份,-0.8948850632
603679,华体科技,-2.8647284508
002638,勤上股份,-1.0933606625
002036,联创电子,-2.1309707165
002273,水晶光电,-1.8189138174
002222,福晶科技,-3.0534319878
600071,凤凰光学,-1.1195583344
605588,冠石科技,-2.0857768059
603297,永新光学,-1.1077040434
002456,欧菲光,7.2253465652
001373,翔腾新材,-0.1841178536
002962,五方光电,-0.866004765
003015,日久光电,3.5326752663
000536,华映科技,-1.6104563475
603703,盛洋科技,-1.0520193577
000050,深天马Ａ,-0.8334389925
002106,莱宝高科,-0.6710227728
002387,维信诺,-1.9684691429
002876,三利谱,-1.3814647198
600707,彩虹股份,-1.1294128895
000725,京东方Ａ,-1.255817771
002955,鸿合科技,-1.3055040836
003019,宸展光电,-0.7199941874
000727,冠捷科技,-1.181784749
000509,华塑控股,-1.5596494675
002845,同兴达,-3.3808326721
001308,康冠科技,-0.882373035
002765,蓝黛科技,-0.7467559576
000045,深纺织Ａ,-0.8663789034
000100,TCL科技,-1.2958505154
600552,凯盛科技,-2.8016309738
605218,伟时电子,-2.3656806946
000020,深华发Ａ,-0.9988182187
603773,沃格光电,-1.3590562344
002952,亚世光电,0.5218137503
002724,海洋王,-0.7270034552
002388,新亚制程,-0.8237956166
002130,沃尔核材,-1.4632149935
000062,深圳华强,-1.9643435478
600353,旭光电子,-0.9671161771
000670,盈方微,-2.9577932358
001287,中电港,-1.8286529779
002729,好利科技,-1.2307004929
002782,可立克,-0.5367814302
002859,洁美科技,-0.8857071996
603933,睿能科技,-1.1523489952
002161,远 望 谷,-0.7775989175
002885,京泉华,-1.649799943
001298,好上好,-2.2559220791
002922,伊戈尔,-0.5347064734
002869,金溢科技,-3.5186872482
600288,大恒科技,-1.0725653172
002369,卓翼科技,6.7122721672
002426,胜利精密,-1.3499379158
600363,联创光电,-2.7666721344
601138,工业富联,-1.2760031223
603052,可川科技,-2.1547334194
000021,深科技,0.2145006061
601231,环旭电子,-1.4585005045
002635,安洁科技,-1.1867060661
603380,易德龙,-1.1529803276
002947,恒铭达,-3.2741866112
002139,拓邦股份,-1.3038666248
002925,盈趣科技,-0.880104661
603595,东尼电子,-1.2170242071
002055,得润电子,-1.8012773991
002660,茂硕电源,-1.1033568382
002241,歌尔股份,-2.1845407486
603890,春秋电子,0.4653447866
600203,福日电子,-3.0550322533
001314,亿道信息,-2.5675692558
002475,立讯精密,-1.6200245619
002937,兴瑞科技,-0.8838795424
002655,共达电声,-1.9289616346
600130,波导股份,-0.5672998428
605277,新亚电子,-1.9113241434
002866,传艺科技,-0.6784643531
603327,福蓉科技,-1.8890589476
002993,奥海科技,-1.4034707546
603626,科森科技,-1.4278542995
603629,利通电子,-1.17562747
002981,朝阳科技,-1.4109737873
002681,奋达科技,-0.7777355313
002855,捷荣技术,-1.4269123077
002600,领益智造,-2.8073949814
603296,华勤技术,-2.3023667336
002861,瀛通通讯,-1.2110280991
003028,振邦智能,-0.8309894204
002402,和而泰,-0.7135057449
002351,漫步者,-1.3707454205
002841,视源股份,-0.6632392406
002045,国光电器,-0.498128742
002888,惠威科技,-2.9356708527
002881,美格智能,-1.2740658522
600418,江淮汽车,-2.3491292
600066,宇通客车,-0.8116557598
000980,众泰汽车,-1.0858246088
000800,一汽解放,2.2261919975
002594,比亚迪,-1.6013156176
000951,中国重汽,-0.2631875277
600104,上汽集团,-1.1316894293
601777,力帆科技,-1.9187633991
601127,赛力斯,-1.7205440998
601633,长城汽车,-0.8967602849
600686,金龙汽车,-0.8588416576
601238,广汽集团,-0.7829052806
600166,福田汽车,-0.6891924739
600006,东风股份,-0.4265186787
000868,安凯客车,-1.3763730526
000572,海马汽车,-0.3810324669
000550,江铃汽车,-1.3835588694
000625,长安汽车,-0.9331423044
000957,中通客车,-0.2793944776
600733,北汽蓝谷,-1.7023732662
600841,动力新科,-0.3981324434
002806,华锋股份,-1.3373432159
603009,北特科技,-1.9242901802
002488,金固股份,-0.2911818027
002355,兴民智通,-3.3366270065
002766,索菱股份,-2.1022367477
603179,新泉股份,-1.6714272499
605128,上海沿浦,-1.5208531618
603786,科博达,-1.4961321354
002920,德赛西威,-2.8881225586
603922,金鸿顺,-3.2995119095
002472,双环传动,-1.8065992594
002126,银轮股份,-1.6464641094
603997,继峰股份,-1.6452497244
600660,福耀玻璃,-1.3022296429
603358,华达科技,-1.8343900442
601689,拓普集团,-1.3358325958
603306,华懋科技,-3.0434679985
603286,日盈电子,-1.3470788002
600626,申达股份,-1.2679280043
603596,伯特利,-1.83555758
000887,中鼎股份,-1.3442299366
603266,天龙股份,-1.231669426
605333,沪光股份,-0.9089787006
600182,S佳通,-1.0681409836
605151,西上海,-1.8748453856
601799,星宇股份,-1.4799003601
603730,岱美股份,-1.960683465
600480,凌云股份,-1.2235502005
603119,浙江荣泰,-1.4823321104
600469,风神股份,-2.7281503677
000559,万向钱潮,-1.1876320839
002870,香山股份,-1.0539885759
600741,华域汽车,-1.8644081354
002284,亚太股份,-1.3320475817
002328,新朋股份,-1.3409993649
603040,新坐标,-0.9801950455
002516,旷达科技,-2.0455307961
603950,长源东谷,0.5813270807
600742,一汽富维,0.5333374739
002662,京威股份,-1.1547789574
002997,瑞鹄模具,-1.9983816147
002537,海联金汇,-3.7039232254
002454,松芝股份,-1.2023081779
600960,渤海汽车,-1.2751076221
605319,无锡振华,-1.243253231
603319,湘油泵,-1.3575127125
601279,英利汽车,-1.6431137323
601966,玲珑轮胎,-1.3714764118
603166,福达股份,6.8519735336
002984,森麒麟,-0.7734943032
601163,三角轮胎,-1.2219903469
002536,飞龙股份,-2.2833893299
603768,常青股份,-1.3483929634
603809,豪能股份,-1.5015201569
000880,潍柴重机,-1.1879968643
600218,全柴动力,-1.408131361
600609,金杯汽车,-1.8576987982
002906,华阳集团,-1.6643098593
002283,天润工业,-1.2272567749
000570,苏常柴Ａ,-1.2182714939
603048,浙江黎明,-1.3737587929
603788,宁波高发,-1.245059967
601500,通用股份,-1.1554476023
600699,均胜电子,-1.5099543333
002664,信质集团,0.5404759049
605005,合兴股份,-1.4792712927
002190,成飞集成,-1.3010883331
603085,天成自控,-0.9340425134
603197,保隆科技,-1.6513206959
603211,晋拓股份,-0.7945643663
002448,中原内配,-1.1352798939
603190,亚通精工,-1.2383804321
000030,富奥股份,-1.7524385452
601058,赛轮轮胎,-1.884137392
002863,今飞凯达,-1.0320489407
000581,威孚高科,-1.0961151123
603239,浙江仙通,-2.0917205811
002085,万丰奥威,6.3266348839
603158,腾龙股份,-1.2468500137
605255,天普股份,-1.1943758726
603089,正裕工业,-1.4259567261
603035,常熟汽饰,-1.174310565
600081,东风科技,-1.4235568047
002715,登云股份,-3.6681571007
600523,贵航股份,-2.7563004494
002239,奥特佳,-1.4530873299
603121,华培动力,-1.4564868212
002708,光洋股份,-3.3799061775
001260,坤泰股份,-2.3657763004
600148,长春一东,-3.3897948265
603586,金麒麟,-1.206982851
600933,爱柯迪,-2.0979070663
001282,三联锻造,-1.2778762579
002921,联诚精密,-1.2120227814
605068,明新旭腾,-1.497215867
603305,旭升集团,-1.6452507973
002510,天汽模,-1.4971669912
002048,宁波华翔,-1.0543367863
000338,潍柴动力,-1.3605607748
603013,亚普股份,-1.0814530849
002406,远东传动,-0.9388993979
605088,冠盛股份,-2.301374197
001380,华纬科技,-2.1640353203
002363,隆基机械,-1.2453665733
603109,神驰机电,-1.1016392708
000589,贵州轮胎,-1.1641800404
603161,科华控股,-1.3148159981
000700,模塑科技,-1.7284425497
603758,秦安股份,-1.4879608154
605133,嵘泰股份,-1.250624299
603982,泉峰汽车,-1.2552468777
001311,多利科技,-1.2995781898
603701,德宏股份,-0.8432334661
001278,一彬科技,-1.939180851
603917,合力科技,-1.1088235378
000903,云内动力,-1.4098436832
605018,长华集团,-1.1956737041
002725,跃岭股份,4.1733179092
002590,万安科技,-0.5951009989
603390,通达电气,-1.4925186634
001319,铭科精技,-0.9376109242
603655,朗博科技,-2.3508758545
002101,广东鸿图,-1.0531349182
002965,祥鑫科技,-1.3571863174
002434,万里扬,-1.6231606007
605228,神通科技,-1.2321732044
603767,中马传动,-1.269354105
002703,浙江世宝,-1.4509893656
603633,徕木股份,-1.8737624884
000901,航天科技,-1.4689720869
000599,青岛双星,6.7347474098
603037,凯众股份,-1.2750551701
002553,南方精工,-0.9970876575
603335,迪生力,-0.8721985221
603348,文灿股份,-1.2960386276
600698,湖南天雁,-1.7877147198
603006,联明股份,-1.217318058
000678,襄阳轴承,-1.8060970306
002976,瑞玛精密,-0.5958482027
603178,圣龙股份,-1.3079087734
000981,山子高科,-1.7791855335
002547,春兴精工,-2.4941468239
603926,铁流股份,-0.3981981277
603949,雪龙集团,-1.8159960508
600178,东安动力,-0.9572487473
002813,路畅科技,-1.3249285221
603129,春风动力,-1.3700480461
603766,隆鑫通用,-0.5623735785
603776,永安行,-2.4768280983
603787,新日股份,-0.6669682264
600818,中路股份,-1.1071519852
002105,信隆健康,-0.5707480907
603529,爱玛科技,-1.5935775042
600679,上海凤凰,-1.3559439182
600099,林海股份,-1.1517870426
003033,征和工业,-0.8500247002
000913,钱江摩托,-1.0108864307
000757,浩物股份,-0.294903785
601965,中国汽研,-0.693223834
600335,国机汽车,-0.6157633066
600386,北巴传媒,-0.425162375
600822,上海物贸,-1.4370952845
600653,申华控股,-0.3128743172
600198,大唐电信,-1.833658576
600734,实达集团,-1.6231096983
003031,中瓷电子,-1.4471348524
002017,东信和平,-1.166836977
002104,恒宝股份,-1.1443556547
603803,瑞斯康达,-1.134652257
003040,楚天龙,-1.2154078484
603236,移远通信,-2.9740028381
600775,南京熊猫,-1.6183871031
603118,共进股份,-0.9510251284
603083,剑桥科技,-0.8992510438
002313,日海智能,-0.7029803991
600355,精伦电子,-1.4395699501
002583,海能达,5.6380443573
002792,通宇通讯,-0.3520869613
000063,中兴通讯,-2.7979426384
603421,鼎信通讯,-0.8427878618
600498,烽火通信,-0.2557207346
002396,星网锐捷,-0.6148835421
002897,意华股份,-2.5615391731
002281,光迅科技,0.6706252098
002194,武汉凡谷,-0.4465470016
002296,辉煌科技,-0.5130394101
002796,世嘉科技,-0.9669021964
002902,铭普光磁,8.5027170181
600487,亨通光电,-0.2692052722
002491,通鼎互联,-0.3860605061
600522,中天科技,-0.600410223
601869,长飞光纤,-0.2439092398
000586,汇源通信,-1.7556107044
600105,永鼎股份,0.6856681108
603042,华脉科技,-1.0739864111
600776,东方通信,-0.4307227731
600345,长江通信,-0.6332848072
603106,恒银科技,-3.7570877075
603019,中科曙光,-3.2042217255
003004,声迅股份,-0.4649389386
001339,智微智能,-1.7169802189
002512,达华智能,-1.7023072243
603660,苏州科达,-2.279027462
002268,电科网安,-1.5404974222
002376,新北洋,-2.0344996452
603496,恒为科技,-0.7560640574
002152,广电运通,-0.393684119
000977,浪潮信息,-1.8263347149
002970,锐明技术,-1.9184403419
603508,思维列控,-0.4982582033
600100,同方股份,-1.2832312584
002415,海康威视,-1.0736285448
002577,雷柏科技,-0.4741393626
002180,纳思达,-1.5983408689
000066,中国长城,-3.3239750862
000997,新 大 陆,-1.4222563505
002990,盛视科技,-1.264975667
002912,中新赛克,-0.7360005379
002236,大华股份,-0.4568502009
002835,同为股份,-0.7781229019
605118,力鼎光电,-0.575696826
001229,魅视科技,-1.0193209648
603516,淳中科技,-0.1684876382
600619,海立股份,-2.786898613
002050,三花智控,-1.1777868271
002290,禾盛新材,-0.587949872
603112,华翔股份,-0.7074787617
002860,星帅尔,-0.3797630668
601956,东贝集团,-0.7008439302
603075,热威股份,-0.6055864096
002676,顺威股份,-0.3577024043
603150,万朗磁塑,-0.2295615673
001268,联合精密,-0.9172278643
603677,奇精机械,-0.3031410873
603311,金海高科,-0.2913356721
002011,盾安环境,-0.7006919384
002420,毅昌科技,-0.4434447289
603519,立霸股份,-2.3427300453
000404,长虹华意,-1.1276068687
603726,朗迪集团,-1.101362586
002418,康盛股份,-0.6870709658
603578,三星新材,-0.5295095444
603657,春光科技,-0.6287527084
000333,美的集团,-1.0649658442
000651,格力电器,-0.700566411
000921,海信家电,-1.0642940998
600690,海尔智家,-1.1875123978
002668,TCL智家,-2.3506007195
600336,澳柯玛,-3.9279494286
600983,惠而浦,-0.9678548574
000521,长虹美菱,-1.4996670485
000016,深康佳Ａ,8.4934797287
600839,四川长虹,8.1563253403
002429,兆驰股份,0.562980175
600060,海信视像,-1.3220697641
000801,四川九洲,-1.7215316296
000810,创维数字,-1.8085422516
002848,高斯贝尔,-1.4935754538
600702,舍得酒业,-1.4879542589
600962,国投中鲁,-1.5149424076
000799,酒鬼酒,-0.7907303572
605499,DR东鹏饮,-1.0397648811
600696,岩石股份,-3.3559536934
000729,燕京啤酒,-1.2706985474
600519,贵州茅台,-1.8993632793
600059,古越龙山,-1.29129076
002461,珠江啤酒,-1.111939311
603156,养元饮品,-1.7934705019
002568,百润股份,-1.0286753178
600597,光明乳业,-0.5152769685
600887,伊利股份,-2.1824109554
000869,张  裕Ａ,-1.0157465935
000848,承德露露,-0.7011495829
002732,燕塘乳业,-0.8077241182
600429,三元股份,-0.954353869
600600,青岛啤酒,-1.7543050051
600419,天润乳业,-0.0912768841
600300,维维股份,-1.5114394426
600573,惠泉啤酒,-0.6387220621
001318,阳光乳业,-0.6148176193
002304,洋河股份,-1.8833971024
600132,重庆啤酒,-1.2855091095
600189,泉阳泉,-1.6172218323
605388,均瑶健康,-0.6265717745
601579,会稽山,-1.0734758377
000858,五 粮 液,-2.1050915718
600616,金枫酒业,-0.2947966754
603779,威龙股份,-1.058073163
603589,口子窖,-2.1256587505
600882,妙可蓝多,-1.1884123087
605300,佳禾食品,-0.9937466383
600084,中信尼雅,-0.4447459579
600197,伊力特,-0.9048504829
605337,李子园,-0.7207051516
603369,今世缘,-1.8921583891
000568,泸州老窖,-1.3187226057
600559,老白干酒,-1.1124409437
600199,金种子酒,-1.7634706497
603711,香飘飘,-1.1666730642
600809,山西汾酒,-1.7015969753
002646,天佑德酒,-0.8705466986
002910,庄园牧场,-1.0496650934
000929,兰州黄河,-1.0297832489
603919,金徽酒,-1.4826712608
002329,皇氏集团,-1.0821368694
600543,莫高股份,-1.0528832674
600238,海南椰岛,-1.7923574448
002946,新乳业,-1.9131903648
605179,一鸣食品,0.0384899378
000995,皇台酒业,-1.3007054329
000596,古井贡酒,-0.9418869615
600779,水井坊,-1.2553070784
605198,安德利,-0.8308157921
603198,迎驾贡酒,-1.035441637
000860,顺鑫农业,-0.9172257185
002570,贝因美,-1.5185577869
002719,麦趣尔,-1.9894953966
605339,南侨食品,-0.1646244824
002956,西麦食品,-0.4599647522
002847,盐津铺子,-0.4591447711
603866,桃李面包,-0.4188759327
003000,劲仔食品,-0.4878813326
002557,洽洽食品,-0.5135526061
603043,广州酒家,-0.3827206194
002991,甘源食品,-0.7545775175
002820,桂发祥,-0.6403967142
001219,青岛食品,-0.7367025614
002695,煌上煌,-0.5790624619
603697,有友食品,-0.4478327632
603777,来伊份,-0.4306116104
603057,紫燕食品,-0.8101127148
603886,元祖股份,-0.1372621059
603517,绝味食品,-2.1323683262
000716,黑芝麻,-0.7296145558
002582,好想你,-0.4552204907
603719,良品铺子,-0.7913357615
600298,安琪酵母,-0.2787779272
603317,天味食品,-0.7325700521
002507,涪陵榨菜,-0.5583916306
600872,中炬高新,-1.2340962887
600305,恒顺醋业,-0.1953689158
603288,海天味业,-0.7292742729
603027,千禾味业,-1.1917994022
002495,佳隆股份,-0.7373948097
603170,XD宝立食,-0.4600991607
603755,日辰股份,-2.433880806
600186,莲花控股,-0.8705811501
603696,安记食品,-0.6807515025
603102,百合股份,-0.4706591964
002626,金达威,-0.1866170168
605338,巴比食品,-0.0637976229
603237,五芳斋,-0.6735150814
002216,三全食品,-0.4945802093
002661,克明食品,-0.0560965538
603345,安井食品,-0.7648584843
002702,海欣食品,-0.7989279628
000639,西王食品,-0.3195676804
605089,味知香,-0.483743906
600530,交大昂立,-0.7505728006
603536,惠发食品,-0.7325989604
001215,千味央厨,-0.7623893023
002515,金字火腿,-0.314620167
000895,双汇发展,-0.2881736159
600073,光明肉业,-0.4289673567
002726,龙大美食,-0.5658105016
605567,春雪食品,-0.6340229511
002330,得利斯,-0.5176056027
000529,广弘控股,-0.148956418
002840,华统股份,-1.0057837963
000850,华茂股份,-1.1058964729
601339,百隆东方,-0.5818451643
002083,孚日股份,-0.4008167386
000726,鲁  泰Ａ,-0.1740694046
002394,联发股份,-0.1806460321
600493,凤竹纺织,-0.478995949
002042,华孚时尚,-0.7556490898
600527,江南高纤,-0.6617369056
603130,云中马,-0.356398195
603055,台华新材,-0.1334472895
603073,彩蝶实业,-0.0536745787
603889,新澳股份,-0.9510171413
002144,宏达高科,-0.3728867173
601599,浙文影业,-0.6336942911
000955,欣龙控股,-0.9398744702
600156,华升股份,-0.5752812624
605180,华生科技,-0.7133337259
002003,伟星股份,-1.0707178116
002098,浔兴股份,-1.0783524513
002674,兴业科技,-0.9472231269
605189,富春染织,-0.5819237232
600987,航民股份,-0.6986790895
600448,华纺股份,0.1629558802
605055,迎丰股份,-0.4497278035
002404,嘉欣丝绸,-0.5117410421
002486,嘉麟杰,-0.465395391
002875,安奈儿,-3.9621419907
002563,森马服饰,-0.5977268219
003016,欣贺股份,-1.5935088396
605138,盛泰集团,-0.4064429998
600107,美尔雅,-0.394074738
001234,泰慕士,-1.0294415951
002269,美邦服饰,-0.6545933485
601718,际华集团,-0.5918584466
002029,七 匹 狼,-0.2536076903
002780,三夫户外,-0.6674878597
603839,安正时尚,-0.4080179632
603587,地素时尚,-0.4551548064
600177,雅戈尔,-0.277882874
002612,朗姿股份,-0.8206999302
001209,洪兴股份,-0.6676728129
600400,红豆股份,-0.6004487276
603877,太平鸟,-0.5893939137
603808,歌力思,-0.327391237
002762,金发拉比,-2.8844299316
002687,乔治白,-0.4742117226
603196,日播时尚,
600630,龙头股份,-0.6657487154
601566,九牧王,-0.3651317358
002494,华斯股份,-0.6106017828
002832,比音勒芬,-0.5424727201
002154,报 喜 鸟,-0.3300693631
603518,锦泓集团,-0.5219713449
600398,海澜之家,-0.4608545601
002193,如意集团,-1.0471425056
603558,健盛集团,-1.0922868252
603307,扬州金泉,-1.8115745783
603908,牧高笛,-0.9229537249
603116,红蜻蜓,-0.1597548127
002763,汇洁股份,-0.4983122945
603511,爱慕股份,-0.4648874402
603001,奥康国际,-0.8419800401
600137,浪莎股份,-0.7566946745
603665,康隆达,-0.6736319065
002634,棒杰股份,-0.4295096397
603958,哈森股份,-2.8782329559
003041,真爱美家,0.207479775
605003,众望布艺,0.0564725101
002293,罗莱生活,0.1398911476
603365,水星家纺,-0.3264681399
002397,梦洁股份,-0.3973969817
002327,富安娜,-0.5759456158
600612,老凤祥,-0.7610008121
605599,菜百股份,-0.6976166964
002867,周大生,-0.5738353133
000026,飞亚达,-0.4768209457
600916,中国黄金,-0.7093855143
002345,潮宏基,-0.505500257
002574,明牌珠宝,-0.5697775483
600735,新华锦,-1.0941348076
600439,瑞贝卡,-2.7853989601
603900,莱绅通灵,-4.06757164
002731,萃华珠宝,-0.910605669
000017,深中华A,-0.8735147715
603863,松炀资源,-1.3892520666
002012,凯恩股份,-1.5958676338
002078,太阳纸业,-0.6329708099
600308,华泰股份,-0.3342260122
600963,岳阳林纸,-1.3816766739
600235,民丰特纸,-0.8940138817
600793,宜宾纸业,-0.574865818
002521,齐峰新材,-0.6090452671
600356,恒丰纸业,-0.7237721682
002067,景兴纸业,-1.4226989746
000488,晨鸣纸业,-0.8003996611
605377,华旺科技,-0.8236210346
600433,冠豪高新,-0.7116357088
603733,仙鹤股份,-0.864895463
603165,荣晟环保,-0.7221345901
600103,青山纸业,-0.7445720434
605500,森林包装,-0.0040799975
000815,美利云,-1.3985215425
600966,博汇纸业,-0.6175091267
600567,山鹰国际,-2.0417861938
605007,五洲特纸,-0.6722489595
002235,安妮股份,-0.8782106638
002831,裕同科技,-0.8024255037
603499,翔港科技,-2.0992980003
002229,鸿博股份,-0.5268336535
002014,永新股份,-0.348454833
603058,永吉股份,-2.4229559898
603607,京华激光,-1.7296848297
002701,奥瑞金,-0.4472239912
002191,劲嘉股份,-0.5888699293
002799,环球印务,-0.941185534
002117,东港股份,-0.8469228745
003018,金富科技,-0.9347257614
601968,宝钢包装,-1.1160489321
600210,紫江企业,-0.4825492799
002374,中锐股份,-1.5760402679
002787,华源控股,-3.0855445862
603687,大胜达,-0.7431804538
000812,陕西金叶,-0.2461919785
002752,昇兴股份,-1.2715466022
002565,顺灏股份,-0.9181873202
002969,嘉美包装,-0.558011055
002599,盛通股份,-0.8791642189
600076,康欣新材,-1.4533014297
002303,美盈森,-1.253898263
002228,合兴包装,-1.1500103474
003003,天元股份,-0.603523016
603022,新通联,-0.6174314618
601515,东峰集团,-0.7006598115
603429,集友股份,1.1612432003
002846,英联股份,-1.2739934921
002836,新宏泽,-1.2595393658
002735,王子新材,-0.7592619658
000659,珠海中富,-0.8384434581
000695,滨海能源,-0.306399256
003011,海象新材,-1.6845458746
000910,大亚圣象,-1.0790075064
603226,菲林格尔,-1.088814497
003012,东鹏控股,-0.9205232859
002798,帝欧家居,-1.1877336502
002918,蒙娜丽莎,-0.9139540792
603221,爱丽家居,-0.8724702001
002162,悦心健康,-1.0954930782
603615,茶花股份,-2.7658472061
603268,松发股份,
603992,松霖科技,-2.6792445183
603195,公牛集团,-1.3567223549
001238,浙江正特,-0.8490394354
002084,海鸥住工,-0.6744564772
601996,丰林集团,-0.2276952565
001322,箭牌家居,-1.2140040398
002615,哈尔斯,-0.5286478996
603385,惠达卫浴,-0.6542729735
605155,西大门,-0.1522932053
001216,华瓷股份,-0.6073182821
001211,双枪科技,-0.4778202772
603408,建霖家居,-0.9076839685
605099,共创草坪,-0.6838722825
603838,四通股份,-1.6470717192
002571,德力股份,-0.694648087
603272,联翔股份,-0.7229346037
002790,瑞尔特,-0.8796193004
603021,山东华鹏,-1.8764595985
603600,永艺股份,-0.8215505481
001323,慕思股份,-0.9020579457
603816,顾家家居,-2.5790719986
603313,梦百合,-0.4474588335
603610,麒盛科技,-0.7807441354
002489,浙江永强,-0.3690112233
603008,喜临门,-1.8664629459
603661,恒林股份,-0.1219024062
603818,曲美家居,-1.319762826
603709,中源家居,-1.0880511999
603389,亚振家居,-2.8466844559
603848,好太太,-0.7816019654
600337,美克家居,-0.3119668067
002301,齐心集团,-0.5327190161
002862,实丰文化,-1.5911216736
002899,英派斯,-1.5906184912
001368,通达创智,-0.4138844907
001222,源飞宠物,-0.4110721648
605299,舒华体育,-0.4766203165
002103,广博股份,-0.652299881
002678,珠江钢琴,-3.9724545479
603899,晨光股份,-1.058201313
605080,浙江自然,-0.4002459943
001300,三柏硕,-0.6403998137
002348,高乐股份,-0.4003100395
603898,好莱客,-1.1865861416
605268,王力安防,-1.5047082901
603216,梦天家居,-0.8856745362
603180,金牌家居,-1.1135210991
002631,德尔未来,-1.6418660879
603833,欧派家居,-3.3278799057
603326,我乐家居,-0.7002118826
603208,江山欧派,-0.8596621752
002572,索菲亚,-1.3674256802
603801,志邦家居,-1.0364603996
002853,皮阿诺,-1.1447666883
002094,青岛金王,-3.1942648888
002001,新 和 成,-0.9435443878
002294,信立泰,-1.0875755548
000739,普洛药业,-1.5606780052
002653,海思科,-1.8814288378
603707,健友股份,-1.1028567553
001367,海森药业,-0.8935884237
000513,丽珠集团,-1.4095791578
002262,恩华药业,-1.3663482666
002020,京新药业,-1.1910449266
002422,科伦药业,-1.9625655413
600420,国药现代,-1.3415795565
002019,亿帆医药,-0.8403684497
002399,海普瑞,-1.3452706337
002755,奥赛康,-1.3286015987
603235,天新药业,-1.2955124378
002550,千红制药,-1.6891257763
600062,华润双鹤,-1.0185248852
605507,国邦医药,-1.2872959375
002332,仙琚制药,-1.5607839823
002923,润都股份,-1.1058080196
600521,华海药业,-1.2050998211
600079,人福医药,-1.1594876051
002675,东诚药业,-1.0813243389
600216,浙江医药,-2.8113746643
002393,力生制药,-0.8082779646
603367,辰欣药业,-1.0151870251
600380,健康元,-1.0576014519
600276,恒瑞医药,-1.5996807814
000813,德展健康,-1.2796723843
605116,奥锐特,-0.3875035942
600664,哈药股份,-1.0140137672
600488,津药药业,-1.0773723125
603229,奥翔药业,-1.1064839363
603811,诚意药业,-0.6493128538
000963,华东医药,-1.3770899773
601089,福元医药,-0.9479222298
002793,罗欣药业,-1.3521711826
600267,海正药业,-1.2567708492
600513,联环药业,-0.7430452108
002900,哈三联,-0.8027646542
603538,美诺华,-0.9646496773
600196,复星医药,-1.4072210789
000919,金陵药业,-0.7933979034
603669,灵康药业,-1.6757087708
002004,华邦健康,-0.9738731384
000597,东北制药,-1.0684341192
603351,威尔药业,-2.6236152649
603676,卫信康,-0.828958869
600812,华北制药,-1.0035257339
000788,北大医药,-1.1719400883
000756,新华制药,-1.1392459869
002365,永安药业,-1.1853823662
000153,丰原药业,-0.5531778932
000915,华特达因,-0.4571177959
605177,东亚药业,-0.5673271418
002437,誉衡药业,-0.3603265882
600200,江苏吴中,-1.0394785404
002102,能特科技,-1.4371143579
002826,易明医药,-1.2168858051
002940,昂利康,-1.7751450539
000952,广济药业,-0.8285599947
000766,通化金马,-0.5128220916
003020,立方制药,-0.4620453119
600613,神奇制药,-0.3779100478
002099,海翔药业,-0.3589199185
000566,海南海药,-2.0131456852
000953,河化股份,-1.1517472267
002370,亚太药业,-0.9379214644
600624,复旦复华,-0.5063872933
603168,莎普爱思,-0.6223204136
600789,鲁抗医药,-1.9682959318
600851,海欣股份,-1.2915961742
603520,司太立,-0.3244859576
600774,汉商集团,-0.8670495152
002898,赛隆药业,-0.7624052763
000931,中 关 村,-1.0082907677
002038,双鹭药业,-0.5516709685
002773,康弘药业,-0.3843319714
600285,羚锐制药,-1.0827564001
000999,华润三九,-1.4454628229
000423,东阿阿胶,-1.0708124638
603858,步长制药,-0.3954373002
603998,方盛制药,-1.0882326365
600750,江中药业,-0.8724140525
000623,吉林敖东,-0.6842241287
600535,天士力,-0.9031257033
002644,佛慈制药,-0.8225267529
002166,莱茵生物,-0.9473689795
000538,云南白药,-0.9176516533
600594,益佰制药,-0.8995215893
002275,桂林三金,-0.5045382977
000650,仁和药业,-0.7822511196
600993,马应龙,-1.3577852249
002287,奇正藏药,-1.1651382446
600332,白云山,-0.8217268586
600771,广誉远,-0.8460454345
603896,寿仙谷,-0.8213186264
002907,华森制药,-1.851221323
600252,中恒集团,-1.0545431376
002603,以岭药业,-0.8285499811
002349,精华制药,-0.8323743939
600329,达仁堂,-0.8847169876
600572,康恩贝,-0.837053299
600436,片仔癀,-1.2822842598
000790,华神科技,-0.7134397626
002317,众生药业,-0.4303510189
600351,亚宝药业,-0.8231035471
603567,珍宝岛,-1.1925811768
002737,葵花药业,-0.8684716821
002412,汉森制药,-0.8269962072
603439,贵州三力,-1.0911171436
002390,信邦制药,-0.7367815375
600566,济川药业,-1.0371778011
600080,金花股份,-0.3713552654
002082,万邦德,-1.558427453
002864,盘龙药业,-0.8477340937
600479,千金药业,
002566,益盛药业,-0.8134977818
002107,沃华医药,-0.7681608796
605199,葫芦娃,-0.8238059282
002728,特一药业,-0.8566589355
002873,新天药业,-0.8004536033
600518,康美药业,-0.7800906301
603139,康惠制药,-1.3799417019
600085,同仁堂,-1.2925930023
600422,昆药集团,-1.0758299828
002198,嘉应制药,-0.7637603283
600222,太龙药业,-0.8523720503
000590,启迪药业,-0.9005859494
600129,太极集团,-2.1445870399
600557,康缘药业,-0.9122248888
600976,健民集团,-1.9780871868
002693,双成药业,
000661,长春高新,-1.12104249
603087,甘李药业,-0.4966881573
600211,西藏药业,-0.4540134966
002581,未名医药,-0.5686498284
600867,通化东宝,-0.4171381593
603590,康辰药业,-0.4444884062
000518,四环生物,-2.7010765076
000534,万泽股份,-0.4178497195
600739,辽宁成大,-0.7663584352
603392,万泰生物,-0.1102184653
002007,华兰生物,-0.3287000656
600161,天坛生物,-0.120215416
002252,上海莱士,-0.3913477659
000403,派林生物,-0.7851905823
002880,卫光生物,-0.6577888727
002589,瑞康医药,-1.17740345
603108,润达医疗,-1.0572570562
601607,上海医药,-0.6938423514
600511,国药股份,-0.5247849226
002788,鹭燕医药,-0.9677468538
600833,第一医药,-0.4109519422
000411,英特集团,-0.4461081922
000705,浙江震元,-0.6362255812
600056,中国医药,-0.4900533557
600713,南京医药,-0.4106312096
002727,一心堂,-0.7494602799
000028,国药一致,-0.7258653045
000950,重药控股,-0.6925354004
002462,嘉事堂,-0.609357357
000078,海王生物,-0.4232659042
600829,人民同泰,-0.3638550043
603368,柳药集团,-0.7380281091
603122,合富中国,-0.6132658124
603716,塞力医疗,-0.7062222958
600998,九州通,-0.8508726358
603233,大参林,-1.0786581039
600272,开开实业,-1.4642623663
605266,健之佳,-0.748239994
603883,老百姓,-1.0393880606
603939,益丰药房,-0.8128167987
603658,安图生物,-0.6548444033
600645,中源协和,-1.6750332117
603387,基蛋生物,-0.8722081184
002022,科华生物,-2.2163262367
002030,达安基因,-0.310528636
600807,济南高新,-4.2353487015
002086,东方海洋,-0.2428611964
002932,明德生物,-0.6697550416
600538,国发股份,-1.1070824862
002223,鱼跃医疗,-1.209890604
002432,九安医疗,-1.0765765905
600055,万东医疗,-0.9551824331
600587,新华医疗,-0.6610105038
600529,山东药玻,-1.5779198408
002382,蓝帆医疗,-0.4639401436
603976,正川股份,-1.3182942867
605369,拱东医疗,-1.4108479023
002901,大博医疗,-1.5440523624
603222,济民健康,-0.4974816144
002551,尚荣医疗,-0.8870568275
002817,黄山胶囊,-0.5678879023
002950,奥美医疗,-0.7432632446
603309,维力医疗,-0.8174291849
603987,康德莱,-1.1868662834
603880,南卫股份,-1.2803169489
603301,振德医疗,-1.2095011473
600886,国投电力,-0.4507291615
600900,长江电力,-0.7225430012
600674,川投能源,-1.0518155098
600025,华能水电,-0.9113242626
002039,黔源电力,-0.4380245805
000791,甘肃能源,-0.8765386343
600236,桂冠电力,-1.3703585863
000722,湖南发展,-0.9072288871
600868,梅雁吉祥,-0.5154176354
000601,韶能股份,-0.9704892635
000993,闽东电力,-0.5224311948
600863,内蒙华电,-0.2208118439
000027,深圳能源,-0.371167928
600795,国电电力,-0.3258013427
000543,皖能电力,-0.6461985707
600642,申能股份,-0.425494194
000539,粤电力Ａ,-0.2701086998
001286,陕西能源,-0.5003203154
600578,京能电力,-0.1621589959
601991,大唐发电,-0.3443483114
600023,浙能电力,-0.5498015881
600027,华电国际,-1.0404373407
600011,华能国际,-0.42457968
000531,穗恒运Ａ,-0.2145736217
600021,上海电力,-0.2122173458
001896,豫能控股,-0.1040931344
002608,江苏国信,-0.253225565
600157,永泰能源,-0.5617148876
600509,天富能源,-1.8000030518
000600,建投能源,-0.4135987163
000690,宝新能源,-0.3331291676
000966,长源电力,-0.2463002205
000899,赣能股份,-0.2651337385
600780,通宝能源,-0.110063374
600744,华银电力,-0.3508897424
600396,华电辽能,-0.3025282621
000767,晋控电力,-0.4725085795
000037,深南电A,-0.790769577
601985,中国核电,-0.3158828914
002617,露笑科技,-1.0700029135
601222,林洋能源,-0.2295526862
600821,金开新能,-0.5916176438
600905,三峡能源,-0.2882634103
000591,太阳能,-1.0264281034
600163,中闽能源,-1.0307328701
601619,嘉泽新能,-0.5259111524
000537,中绿电,-0.2965041697
601016,节能风电,-0.3105971515
003816,中国广核,-0.983368516
001258,立新能源,-0.0939973295
601908,京运通,-1.1175289154
000862,银星能源,-0.492739439
002218,拓日新能,-0.9365078807
600032,浙江新能,-0.6141164303
603693,江苏新能,-0.4713408947
601778,晶科科技,-0.867280066
001289,龙源电力,-0.589598
000155,川能动力,-1.9829587936
002480,新筑股份,-2.1613817215
002616,长青集团,-0.2429662496
600956,新天绿能,-0.3887455165
603105,芯能科技,-1.0007381439
002256,兆新股份,-0.4816924036
000883,湖北能源,-0.2915451229
600116,三峡水利,-0.4253551066
600995,南网储能,-0.583004415
600452,涪陵电力,-2.024790287
600483,福能股份,-0.9786824584
003035,南网能源,-0.3669151068
000875,吉电股份,-2.8776073456
600310,广西能源,-0.6536052227
600644,乐山电力,-2.6061339378
600979,广安爱众,-1.2626740932
600969,郴电国际,-0.513022244
600505,西昌电力,-2.1181185246
600101,明星电力,-1.4091852903
600052,东望时代,-1.0658870935
600167,联美控股,-0.8272672892
600982,宁波能源,-0.1038298905
605028,世茂能源,-0.4075005651
002479,富春环保,-0.8398167491
605162,新中港,-0.2064016461
001210,金房能源,-0.7417733669
600149,廊坊发展,-0.233556062
605580,恒盛能源,-0.1821291298
600226,亨通股份,-3.8754987717
002015,协鑫能科,-0.6174582243
600475,华光环能,-0.4490885735
605011,杭州热电,-0.7476074696
000692,惠天热电,-0.3414279222
002893,京能热力,-1.5093597174
600719,大连热电,-0.9097714424
600575,淮河能源,-0.6845049262
605169,洪通燃气,-1.0028049946
603689,皖天然气,-0.7688267827
603318,水发燃气,-0.67456007
002267,陕天然气,-0.4556123018
600917,重庆燃气,-1.5560603142
600803,新奥股份,-1.0339002609
600635,大众公用,-0.4828439653
603053,成都燃气,-1.8554211855
002911,佛燃能源,-0.5965938568
605368,蓝天燃气,-1.128869772
001299,美能能源,-0.5994025469
603080,新疆火炬,-0.381420821
601139,深圳燃气,-0.2473718822
600903,贵州燃气,-0.7112044096
605090,九丰能源,-1.0892763138
001331,胜通能源,-0.6156861782
000407,胜利股份,-0.5941628218
000593,德龙汇能,-0.7069185972
600333,长春燃气,-0.2887442708
603706,东方环宇,-0.2333269268
600617,国新能源,-0.9420030117
000421,南京公用,-0.6496926546
600681,百川能源,-0.1153354645
001872,招商港口,-1.0284636021
601000,唐山港,-1.2614569664
000905,厦门港务,-0.6115549803
601228,广州港,-0.1768688858
600017,日照港,-0.6969858408
600717,天津港,-0.6194222569
601880,辽港股份,-0.4700511992
000582,北部湾港,-0.6774659157
601298,青岛港,-0.8006531
000507,珠海港,-0.2575340271
601326,秦港股份,-1.1482684612
601008,连云港,-0.1796628833
600018,上港集团,-0.5889490843
600279,重庆港,-2.6193113327
000088,盐 田 港,-0.6371082067
002040,南 京 港,-0.229982391
601018,宁波港,-0.6606153846
600026,中远海能,-1.1168277264
603167,渤海轮渡,-0.4796013236
600798,宁波海运,-0.3398128748
603209,兴通股份,-0.8709421158
001205,盛航股份,
600751,海航科技,-0.4463506341
002320,海峡股份,-0.9180093408
601872,招商轮船,-1.4749246836
600428,中远海特,-1.2744510174
603162,海通发展,-1.4439848661
601975,招商南油,-1.0314707756
601919,中远海控,-1.0363862514
601866,中远海发,-1.3773483038
601022,宁波远洋,-0.5664417744
600179,安通控股,-1.874040246
000520,凤凰航运,-2.0947585106
603565,中谷物流,-0.8362182975
601816,京沪高铁,-0.7794944048
601006,大秦铁路,-0.5315116048
600125,铁龙物流,-0.7865386009
601333,广深铁路,-0.8331793547
001213,中铁特货,-0.7253792286
000557,西部创业,-0.9849249125
600611,大众交通,-2.660695076
600650,锦江在线,-1.9764888287
600834,申通地铁,-1.17170012
002357,富临运业,-1.1827907562
600561,江西长运,-0.4745089412
603069,海汽集团,-0.6546151042
000429,粤高速Ａ,-0.4626239538
600012,皖通高速,-0.6449908018
001965,招商公路,-1.6393479109
600548,深高速,-0.2076985091
000900,现代投资,-0.3721370101
600350,山东高速,-0.3194271624
600377,宁沪高速,-0.1954021454
601107,四川成渝,-2.171810627
600269,赣粤高速,-0.4533593357
600035,楚天高速,-0.2642477155
600368,五洲交通,-0.3050154448
600020,中原高速,-0.9816255569
600033,福建高速,-0.2986142039
601518,吉林高速,-0.4348084927
601188,龙江交通,-0.4475580454
600106,重庆路桥,-3.1131863594
000548,湖南投资,-0.3892221749
000755,山西高速,-0.3595016599
000828,东莞控股,-0.2958068848
002627,三峡旅游,0.1062605381
603885,吉祥航空,-1.0362107754
002928,华夏航空,-1.3830038309
600115,中国东航,-1.1524233818
601111,中国国航,-0.6403831244
601021,春秋航空,-0.6880717874
600029,南方航空,-1.0773262978
600221,海航控股,-0.2183133066
000099,中信海直,-1.2423942089
000089,深圳机场,-0.1823563278
600897,厦门空港,-0.5559926629
600004,白云机场,-0.2813991606
600009,上海机场,-0.3833597898
600515,海南机场,-1.6431943178
603871,嘉友国际,-0.7985225916
601156,东航物流,-1.2361716032
600233,圆通速递,-0.7135382891
600057,厦门象屿,-0.5894637108
601598,中国外运,-1.4412443638
603066,音飞储存,-0.831287384
002468,申通快递,-1.5153787136
002010,传化智联,-0.598181963
603128,华贸物流,-0.8025230169
603071,物产环能,-0.3580722809
600794,保税科技,-0.5661637187
002352,顺丰控股,-0.3577528596
002492,恒基达鑫,-0.5809873343
001202,炬申股份,-0.5687075853
603836,海程邦达,-0.8494243622
000927,中国铁物,-0.7502647042
603056,德邦股份,-0.5738890171
600119,长江投资,-1.0749239922
002120,韵达股份,-0.5600351095
002930,宏川智慧,-0.9270995855
002800,天顺股份,-2.1352453232
600787,中储股份,-1.1395683289
603648,畅联股份,-0.8608369231
603967,中创物流,-0.733153522
001228,永泰运,-0.7601597905
600704,物产中大,-1.1279571056
002682,龙洲股份,-1.0971376896
600753,庚星股份,-2.4986290932
603329,上海雅仕,-0.832311213
600153,建发股份,-0.4453769326
605050,福然德,0.8070114851
002769,普路通,-1.0404360294
001317,三羊马,-1.674481988
002889,东方嘉盛,-1.6441218853
603713,密尔克卫,-0.9401010275
000906,浙商中拓,-0.4471002519
600755,厦门国贸,-0.5629854202
600180,瑞茂通,-0.6844213605
603569,长久物流,-0.8750506639
603813,原尚股份,-1.6422889233
603535,嘉诚国际,-1.5870825052
603117,万林物流,6.0452513695
002183,怡 亚 通,-0.6624259949
600895,张江高科,-3.468360424
600648,外高桥,-0.0367790759
601512,中新集团,-0.2236314118
600848,上海临港,0.067406714
600082,海泰发展,-0.6998647451
600340,华夏幸福,8.7229375839
600639,浦东金桥,-0.1697617173
600463,空港股份,0.1676017642
600658,电子城,-1.6426268816
600604,市北高新,-0.1512035728
600208,衢州发展,-2.0369076729
600641,万业企业,-3.6257333755
600246,万通发展,-1.2412109375
000402,金 融 街,-2.4066209793
002016,世荣兆业,
600846,同济科技,-1.4834246635
600649,城投控股,-1.8811986446
002208,合肥城建,
600736,苏州高新,-1.1764063835
600503,华丽家族,-1.8003637791
000668,荣丰控股,-1.9077894688
000029,深深房Ａ,-1.5818692446
000036,华联控股,-1.916674614
600064,南京高科,-1.586524725
000006,深振业Ａ,-2.4675254822
600854,春兰股份,-1.6969240904
600791,京能置业,-1.807819128
000886,海南高速,-2.02038908
601588,北辰实业,-1.8433641195
600675,中华企业,-1.3446366787
600743,华远地产,-1.626776576
600510,黑牡丹,-2.3764433861
002133,广宇集团,-1.6728445292
600773,西藏城投,-1.2703046799
600173,卧龙地产,-1.8827990294
600692,亚通股份,-1.6502815485
600325,华发股份,-2.6460418701
000042,中洲控股,-2.0221385956
600748,上实发展,-1.9573266506
600716,凤凰股份,-1.4613587856
000573,粤宏远Ａ,-1.8339853287
600665,天地源,-1.5493396521
002314,南山控股,-2.009873867
000926,福星股份,-1.9153131247
000090,天健集团,-1.7349241972
002146,荣盛发展,-1.8463363647
600708,光明地产,-2.2455406189
600067,冠城大通,-1.2780454159
600622,光大嘉宝,-2.4199156761
000863,三湘印象,-1.8521671295
600185,格力地产,-1.778949976
600533,栖霞建设,-2.232596159
600094,大名城,-1.9610744715
000797,中国武夷,-1.8302513361
000718,苏宁环球,-1.3728011847
600638,新黄浦,-1.4300960302
600683,京投发展,-2.0290079117
000014,沙河股份,-1.772865653
000736,中交地产,-2.0421438217
600048,保利发展,-3.2198724747
000011,深物业A,-2.4808506966
600266,城建发展,-2.3442163467
000002,万  科Ａ,-2.6608858109
000514,渝 开 发,-4.0533413887
002244,滨江集团,-2.2711510658
000838,财信发展,-2.1337857246
600383,金地集团,-4.0235991478
600606,绿地控股,-2.5695257187
000620,新华联,-1.9277101755
600376,首开股份,-2.1786837578
600657,信达地产,-3.1128253937
000517,荣安地产,-1.8649927378
000965,天保基建,-1.7142243385
600159,大龙地产,-2.0902292728
000897,津滨发展,-2.0886077881
600322,津投城开,-1.992236495
600162,香江控股,-1.9092687368
601155,新城控股,-1.6828136444
600724,宁波富达,-2.4058542252
000031,大悦城,-1.1055622101
600663,陆家嘴,-0.8791505098
600007,中国国贸,-1.3392944336
002305,南国置业,-1.1811652184
001979,招商蛇口,-2.3116385937
000069,华侨城Ａ,-1.7241454124
000608,阳光股份,-2.3368608952
002968,新大正,-1.3507797718
603506,南都物业,-0.9529550672
600684,珠江股份,-0.9139481783
002188,中天服务,-1.8883494139
001914,招商积余,-1.1072802544
002285,世联行,-2.6758446693
000560,我爱我家,-2.1678733826
601288,农业银行,-0.871095717
601398,工商银行,-0.8247913718
601939,建设银行,-0.8312339783
601988,中国银行,-0.5440032482
601328,交通银行,-0.8474241495
601658,邮储银行,-1.1032007933
601825,沪农商行,-1.4908461571
601128,常熟银行,-0.7372902632
601077,渝农商行,-2.2162203789
600908,无锡银行,-0.5839169621
002839,张家港行,-0.6432979107
002958,青农商行,-0.8038390875
603323,苏农银行,-0.8185539246
601860,紫金银行,-0.6529189348
002807,江阴银行,-0.7741332054
601528,瑞丰银行,-0.7273463011
601665,齐鲁银行,-0.8598134518
002966,苏州银行,-0.6702134609
600926,杭州银行,-0.690481782
600919,江苏银行,-0.7307738066
601997,贵阳银行,-0.7617652416
601838,成都银行,-0.7806320786
601229,上海银行,-0.8023797274
601169,北京银行,-0.6709734201
601577,长沙银行,-1.1448811293
601963,重庆银行,-1.944060564
600928,西安银行,-0.6735033989
002948,青岛银行,-0.6592587233
601187,厦门银行,-0.6674791574
601009,南京银行,-1.0617699623
001227,兰州银行,-0.6335023642
002936,郑州银行,-0.8238217235
002142,宁波银行,-0.690118134
600000,浦发银行,-0.6753834486
601166,兴业银行,-1.1733201742
600036,招商银行,-0.5821224451
601818,光大银行,-0.5675778985
600016,民生银行,-0.62912184
601916,浙商银行,-0.6420001984
601998,中信银行,-0.5449438095
600015,华夏银行,-0.8655596972
000001,平安银行,-1.2465128899
002423,中粮资本,-4.135368824
600390,五矿资本,-3.3486771584
002647,仁东控股,-0.6517087817
000958,电投产融,
000987,越秀资本,-2.8446335793
000567,海德股份,-2.7348189354
600783,鲁信创投,-1.1234846115
000617,中油资本,-1.132012248
600816,建元信托,-1.1967196465
600517,国网英大,-1.3469223976
600927,永安期货,-0.8721041679
600705,中航产融,-2.5470671654
600061,国投资本,-1.6307994127
603123,翠微股份,-0.8477939963
000415,渤海租赁,-1.2381196022
600120,浙江东方,-1.6227505207
600901,江苏金租,-1.1230697632
603093,南华期货,-1.2814297676
603300,华铁应急,-1.2209295034
000532,华金资本,-1.0732345581
600318,新力金融,-5.1952972412
600643,爱建集团,-1.4829514027
600053,九鼎投资,-2.4361205101
002961,瑞达期货,-1.5697972775
600830,香溢融通,-2.4111361504
001236,弘业期货,-1.2752327919
000563,陕国投Ａ,-2.68354702
601336,新华保险,-0.4621902108
601318,中国平安,-0.3598375618
601628,中国人寿,-0.3157278895
000627,天茂集团,-1.9460755587
601601,中国太保,-1.1142096519
601319,中国人保,-0.6249742508
000750,国海证券,-2.6741800308
601162,天风证券,-4.5901846886
600999,招商证券,-2.8852972984
600030,中信证券,-1.0963753462
601066,中信建投,-1.7394850254
601211,国泰君安,
600837,海通证券,
002736,国信证券,
000783,长江证券,-1.3459678888
601099,太平洋,-1.5004389286
601696,中银证券,-1.2451331615
601456,国联证券,-1.5545409918
600369,西南证券,-2.269266367
000166,申万宏源,-1.9790935516
002945,华林证券,-0.7473040819
601375,中原证券,-2.7786068916
002673,西部证券,-1.0062353611
600958,东方证券,-2.2869772911
601688,华泰证券,-2.5299854279
601881,中国银河,-1.4708358049
601108,财通证券,-1.0096890926
000776,广发证券,-1.1990852356
002797,第一创业,-1.0760154724
600909,华安证券,-1.5221931934
600864,哈投股份,-0.9941564798
601788,光大证券,-1.0421471596
601990,南京证券,-0.6596246958
600109,国金证券,-0.6762669086
002500,山西证券,-0.4939776659
601236,红塔证券,-1.6052170992
601878,浙商证券,-2.7665958405
000686,东北证券,-1.3728353977
601136,首创证券,-1.0075917244
601995,中金公司,-0.990288496
601198,东兴证券,-1.7638839483
600906,财达证券,-1.2542512417
600918,中泰证券,-2.5915803909
002926,华西证券,-3.0838217735
601901,方正证券,-0.8995764256
600155,华创云信,-0.8611460924
600095,湘财股份,-0.6560140848
600621,华鑫股份,-1.5334602594
000712,锦龙股份,-1.0479393005
002670,国盛金控,-1.3868703842
601059,信达证券,-0.8304672241
601377,兴业证券,-1.2301244736
002939,长城证券,-0.9638072848
601555,东吴证券,-1.9275859594
000728,国元证券,-0.9159953594
000007,全新好,-1.380386591
002818,富森美,-0.8231648207
600605,汇通能源,-0.4937879145
600415,小商品城,-2.3041572571
000061,农 产 品,-0.4877201915
600113,浙江东日,-1.4755160809
002344,海宁皮城,-0.2567753494
600790,轻纺城,-0.7772734761
600655,豫园股份,-0.8612379432
000056,皇庭国际,-1.0037825108
000785,居然之家,-0.4891694486
603682,XD锦和商,-0.352101028
600738,丽尚国潮,-1.0523654222
000523,红棉股份,-0.4137182832
000058,深 赛 格,-0.9744297266
002177,御银股份,-2.1325018406
601828,美凯龙,-1.100522995
000882,华联股份,-1.5382385254
600239,云南城投,-2.9051394463
600697,欧亚集团,-0.9446633458
600865,百大集团,-0.7154149413
600778,友好集团,-1.1219112873
600824,益民集团,-1.0361902714
600628,新世界,-0.9061400294
600694,大商股份,-1.1227622032
603101,汇嘉时代,-2.0561010838
601010,文峰股份,-1.0535783768
002419,天虹股份,-1.0820877552
000417,合百集团,-2.8163728714
600827,百联股份,-0.9538766146
600693,东百集团,-0.6303306818
600858,银座股份,-0.8312913179
601116,三江购物,-0.4124999046
000501,武商集团,-0.9567133784
601366,利群股份,-0.6106389761
002697,红旗连锁,-0.9913836122
605188,国光连锁,-0.5294403434
000715,中兴商业,-1.0028685331
600327,大东方,-0.9542198181
600828,茂业商业,-1.812863946
603708,家家悦,-1.3543540239
600785,新华百货,-0.9812062979
000419,通程控股,-0.4418775141
002277,友阿股份,-0.7843552232
600712,南宁百货,-4.5609354973
002187,广百股份,-0.4336301982
600814,杭州解百,-0.3809595406
000564,供销大集,-1.1382422447
600857,宁波中百,-0.8157389164
601086,国芳集团,-1.2480201721
002356,赫美集团,-3.2298574448
000679,大连友谊,-2.9071516991
600838,上海九百,-0.8315423131
002561,徐家汇,-1.461998105
000759,中百集团,-1.3175263405
600859,王府井,-1.1283148527
600729,重庆百货,-2.3482608795
601933,永辉超市,-1.1545658112
600280,中央商场,-2.325425148
002416,爱施德,-0.6291446686
000829,天音控股,-2.359254837
603214,爱婴室,-0.8910589814
601888,中国中免,-1.8496028185
002091,江苏国泰,-0.2382996529
600725,云维股份,-1.6812559366
601061,中信金属,-0.5507677794
600278,东方创业,-0.6478464603
000626,远大控股,-0.7178497314
600710,苏美达,-0.2936732471
000701,厦门信达,-0.794595778
002072,凯瑞德,-0.0627080202
600058,五矿发展,-0.8550961018
600128,苏豪弘业,-0.8440283537
600981,汇鸿集团,0.9460790157
000151,中成股份,-2.053650856
600250,南京商旅,-1.1079877615
601028,玉龙股份,-2.1740288734
002707,众信旅游,-1.842867732
600138,中青旅,-0.5683477521
600258,首旅酒店,-0.5692027807
600054,黄山旅游,-0.3682415187
002033,丽江股份,-0.6471617222
000558,莱茵体育,-1.4695711136
600749,西藏旅游,-0.8653688431
600754,锦江酒店,-1.4920727015
601007,金陵饭店,-0.2070330977
603199,九华旅游,-1.7775496244
000888,峨眉山Ａ,-1.9021170139
603136,天目湖,-0.9028131962
002186,全 聚 德,-0.2662177086
000524,岭南控股,-0.548014164
603099,长白山,-2.2022509575
002059,云南旅游,-0.7416496873
000978,桂林旅游,-0.4420278966
605108,同庆楼,-0.5365156531
600593,大连圣亚,-0.5510177016
002159,三特索道,-1.8330106735
600576,祥源文旅,-2.4388227463
600706,曲江文旅,-0.2826580405
000428,华天酒店,-0.6359311938
000610,西安旅游,0.0419471264
000721,西安饮食,0.0823944807
000430,张家界,-0.9121667147
002306,中科云网,-1.8291306496
002123,梦网科技,0.3991746902
002544,普天科技,-1.40515697
603887,城地香江,
600941,中国移动,-0.7245918512
601728,中国电信,-1.6473735571
600050,中国联通,-0.3261500597
603220,中贝通信,-1.2248017788
603881,数据港,-0.542989552
603322,超讯通信,-0.5233962536
002467,二六三,-0.5101471543
603602,纵横通信,8.4831752777
002929,润建股份,-1.0524716377
002148,北纬科技,-0.6539927125
002115,三维通信,-0.3560195863
000839,中信国安,-0.7227064967
603206,嘉环科技,-0.7538344264
000676,智度股份,3.1779103279
600640,国脉文化,-0.835793972
002027,分众传媒,-1.1185722351
002400,省广集团,-0.7576957941
600986,浙文互联,-0.4446168542
002354,天娱数科,-1.3060535192
000607,华媒控股,-1.0738347769
600556,天下秀,-0.2994564176
000917,电广传媒,-0.7669190168
002995,天地在线,-1.7564171553
002878,元隆雅图,-0.5975356102
002712,思美传媒,-0.7094564438
002291,遥望科技,-0.1468555927
603825,华扬联众,-1.5408924818
605168,三人行,-0.6157363653
002264,新 华 都,-0.5551356077
603598,引力传媒,-2.2184989452
603729,龙韵股份,-0.8892375231
600358,国旅联合,-0.7651895881
002517,恺英网络,-0.5995361209
600633,浙数文化,1.0143667459
603444,吉比特,-1.125505209
002558,巨人网络,-0.6066511869
002624,完美世界,-1.9805628061
002602,世纪华通,-0.2950422168
002605,姚记科技,-2.4596676826
002919,名臣健康,-0.2985090613
002174,游族网络,-2.0084834099
002555,三七互娱,-0.3330180645
600892,大晟文化,-0.3986189663
603258,电魂网络,-0.5790779591
603888,新华网,-1.1087629795
603000,人民网,-1.4630225897
000681,视觉中国,-0.8604838848
600228,返利科技,-0.7103931904
002095,生 意 宝,-0.7046654224
603466,风语筑,-0.8824509978
603533,掌阅科技,-1.7381316423
601098,中南传媒,-1.1129510403
601928,凤凰传媒,-1.1476407051
002181,粤 传 媒,-0.6343247294
601801,皖新传媒,-1.7725075483
600373,中文传媒,-0.814440012
600229,城市传媒,-0.9785049558
601999,出版传媒,-0.7957022786
600757,长江传媒,-0.6176445484
603230,内蒙新华,-0.8173956871
601900,南方传媒,-1.8368924856
601921,浙版传媒,-1.0294876099
000719,中原传媒,-1.6179528236
603999,读者传媒,-1.0732066631
601858,中国科传,-1.5974642038
600551,时代出版,-0.1533390284
600825,新华传媒,-2.5117826462
601811,新华文轩,-0.4979337454
601949,中国出版,-1.1947715282
603096,新经典,-0.2824922502
000793,华闻集团,-3.0432415009
605577,龙版传媒,-0.4116544127
601019,山东出版,-1.3334066868
000802,北京文化,-0.3079681695
600977,中国电影,-0.7033650279
000892,欢瑞世纪,-0.3043988347
600088,中视传媒,-0.6419929266
001330,博纳影业,-1.12023592
002739,万达电影,-1.5766283274
603103,横店影视,-0.7714578509
002292,奥飞娱乐,-2.1433122158
002905,金逸影视,-0.6483894587
002343,慈文传媒,-0.6160677671
603721,中广天择,-3.5041279793
601595,上海电影,-0.280613184
600637,东方明珠,-0.9048794508
600959,江苏有线,-1.2653683424
000156,华数传媒,-1.1644809246
600037,歌华有线,-0.9844307303
600936,广西广电,-0.6917401552
002238,天威视讯,-1.5762778521
600996,贵广网络,-1.4788274765
000665,湖北广电,-0.6177687049
601929,吉视传媒,-3.2384824753
600770,综艺股份,5.8045434952
600673,东阳光,-0.780041039
002213,大为股份,-1.6625732183
002758,浙农股份,-0.929787159
600098,广州发展,-0.2716083825
600784,鲁银投资,-0.736770153
600051,宁波联合,-0.2547377944
000833,粤桂股份,-0.8834852576
600676,交运股份,-0.6665821671
000652,泰达股份,-1.0285234451
600805,悦达投资,-0.554708004
600089,特变电工,-0.9755059481
000753,漳州发展,-2.0836176872
600682,南京新百,-0.6640262008
000632,三木集团,-1.1724560261
600689,上海三毛,-1.0213768482
000631,顺发恒业,-0.61476928
000025,特  力Ａ,-1.0936448574
600620,天宸股份,-1.8054940701
600881,亚泰集团,-2.3612382412
000820,神雾节能,-0.8629199862
002625,光启技术,0.1195662618
002189,中光学,-0.5399788618
000576,甘化科工,-0.9315508604
002338,奥普光电,-2.2136003971
600764,中国海防,-1.1135013103
002389,航天彩虹,-1.7158014774
001270,铖昌科技,-1.7471244335
000733,振华科技,-2.4005818367
002023,海特高新,-0.5329603553
600435,北方导航,-2.0227730274
002935,天奥电子,-2.0688760281
600562,国睿科技,-1.4664554596
600765,中航重机,-1.9190872908
605123,派克新材,-1.6875175238
600316,洪都航空,3.2480483055
002829,星网宇达,5.0563321114
600893,航发动力,-0.8101828694
600391,航发科技,-1.0389342308
600038,中直股份,-0.5794490576
000768,中航西飞,-1.3187487125
002465,海格通信,-1.6106532812
600150,中国船舶,
603267,鸿远电子,-1.82875669
000738,航发控制,-1.4746696949
002214,大立科技,-0.6049638987
002414,高德红外,-1.2644855976
002111,威海广泰,-0.9883464575
600990,四创电子,-1.9738095999
600967,内蒙一机,-0.9546483755
000519,中兵红箭,-1.6065989733
600760,中航沈飞,-1.605707407
603678,火炬电子,-1.7764878273
600184,光电股份,-1.5938411951
600590,泰豪科技,-2.6073598862
002297,博云新材,-0.7435233593
600879,航天电子,-1.054515481
601989,中国重工,
002985,北摩高科,-1.1161005497
002265,建设工业,-0.6640504599
002519,银河电子,-1.2687220573
003009,中天火箭,-1.8447577953
600685,中船防务,-1.0632679462
600372,中航机载,-0.6329237223
601890,亚星锚链,-0.9220597744
002025,航天电器,-1.7492411137
000697,炼石航空,-1.1331369877
600855,航天长峰,6.7114462852
002383,合众思壮,-1.1368150711
600118,中国卫星,0.5475406647
002446,盛路通信,-1.4596850872
002413,雷科防务,-1.0229308605
000547,航天发展,-1.1806116104
002933,新兴装备,-1.0198913813
002179,中航光电,-1.360111475
601606,长城军工,-2.1975779533
002151,北斗星通,-1.2764456272
600862,中航高科,-1.5835340023
002651,利君股份,-0.6529431343
603712,七一二,-1.53630054
601698,中国卫通,-0.7935942411
002231,奥维通信,4.5290646553
002977,天箭科技,-1.6248238087
000561,烽火电子,-1.4692530632
603261,立航科技,5.7065839767
600072,中船科技,-1.0716187954
603688,石英股份,-0.7976350784
603612,索通发展,-0.8404723406
603826,坤彩科技,-1.3761861324
605086,龙高股份,-1.8122535944
603527,众源新材,-1.3314518929
601899,紫金矿业,-1.4864492416
002203,海亮股份,-0.8782362938
000878,云南铜业,-1.2210514545
601168,西部矿业,-1.3193905354
601212,白银有色,-1.6359823942
600362,江西铜业,-1.8710315228
002171,楚江新材,-0.9580664635
601609,金田股份,-0.6003814936
000630,铜陵有色,-1.5159184933
600490,鹏欣资源,-1.0201120377
002295,精艺股份,-1.403526783
000737,北方铜业,-3.4335961342
603979,金诚信,-1.074026227
002379,宏创控股,-0.4838303924
600361,创新新材,-0.5906569362
002988,豪美新材,-1.191763401
601702,华峰铝业,-1.0320703983
600888,新疆众和,-0.7913910747
601600,中国铝业,-1.5080165863
605208,永茂泰,-0.6901830435
600219,南山铝业,-0.5733513236
000807,云铝股份,-2.0775916576
002540,亚太科技,-0.769824326
002160,常铝股份,-0.8565374613
002532,天山铝业,-1.5470510721
601677,明泰铝业,-1.0090081692
600768,宁波富邦,-2.3398609161
600615,丰华股份,-0.6110166311
002578,闽发铝业,-0.7969819903
002824,和胜股份,-0.7877417207
601388,怡球资源,-1.9360897541
603937,丽岛新材,-0.6297215223
600595,中孚实业,-0.9399927258
000933,神火股份,-0.9992667437
002996,顺博合金,-0.8880504966
003038,鑫铂股份,-1.0812394619
002501,利源股份,-1.9626324177
603876,鼎胜新材,-1.17928195
000612,焦作万方,-1.1068508625
603115,海星股份,-0.54888165
000603,盛达资源,
000060,中金岭南,-0.8668045998
600497,驰宏锌锗,-1.118388772
603132,金徽股份,-1.0010236502
000688,国城矿业,-1.094230175
000758,中色股份,-0.5193361044
601020,华钰矿业,-1.8692070246
600531,豫光金铅,-1.2085638046
000426,兴业银锡,-2.0377175808
000751,锌业股份,-1.3371573687
600338,西藏珠峰,-0.9821400642
600961,株冶集团,-1.0913378
002114,罗平锌电,-0.9037767649
000975,山金国际,-1.6845098734
600547,山东黄金,-1.74036479
002237,恒邦股份,-1.8804779053
600489,中金黄金,-1.8381586075
600988,赤峰黄金,-1.9849616289
601069,西部黄金,-1.9357818365
002155,湖南黄金,-1.7046921253
002716,湖南白银,-2.9128923416
001337,四川黄金,-2.7244815826
002428,云南锗业,-0.9738895893
601958,金钼股份,-1.8592603207
603799,华友钴业,-1.4162188768
002466,天齐锂业,-0.8686946034
600392,盛和资源,-0.72783041
600459,贵研铂业,-0.98635149
600456,宝钛股份,-1.2587635517
000962,东方钽业,-0.9112536907
600549,厦门钨业,-0.4253986776
000960,锡业股份,-2.0577092171
603993,洛阳钼业,-2.3217332363
603663,三祥新材,-1.3150527477
600259,广晟有色,-0.7350299954
002460,赣锋锂业,-0.6987575889
605376,博迁新材,-1.0390589237
002167,东方锆业,-0.5449958444
002149,西部材料,-2.2150917053
000762,西藏矿业,-1.0558995008
000657,中钨高新,-1.4503468275
600301,华锡有色,-1.2930734158
600111,北方稀土,-0.8118718863
002738,中矿资源,-0.8573389649
000831,中国稀土,-0.5460386276
002192,融捷股份,-0.9208573103
002842,翔鹭钨业,-0.4894663095
002378,章源钨业,-0.8952431679
002978,安宁股份,-1.2841689587
002756,永兴材料,-0.6182880998
002240,盛新锂能,-1.1444935799
600281,华阳新材,-0.9823919535
002182,宝武镁业,-1.1501799822
603399,永杉锂业,-0.7922588587
002667,威领股份,-0.7110498548
002176,江特电机,-0.6226234436
002979,雷赛智能,-2.2903409004
002008,大族激光,-1.4388855696
001223,欧克科技,-1.6036266088
002527,新时达,-0.1790569127
002698,博实股份,-1.8906173706
000988,华工科技,-1.0830346346
603015,弘讯科技,-0.3022380471
603025,大豪科技,-0.6279327869
001266,宏英智能,-0.960449636
002975,博杰股份,-0.587921083
603416,信捷电气,-1.1365091801
603960,克来机电,-1.6546872854
603203,快克智能,-1.2832901478
603583,捷昌驱动,-1.0322310925
603275,众辰科技,-0.9702469707
002184,海得控制,-0.4707522392
002957,科瑞技术,-0.16648224
002334,英威腾,-2.2424538136
603666,亿嘉和,-0.4874677658
605186,健麾信息,-0.8884141445
002747,埃斯顿,-0.9640340209
603283,赛腾股份,-1.6451840401
605288,凯迪股份,-1.2328710556
600215,派斯林,-0.9530864358
600666,奥瑞德,-0.2397391498
603078,江化微,-1.8595747948
002643,万润股份,-1.6903812885
600330,天通股份,1.1578042507
603931,格林达,-1.2477539778
603002,宏昌电子,-0.527415216
002584,西陇科学,-0.380692035
002741,光华科技,-1.7779766321
605555,德昌股份,-0.7145805359
603215,比依股份,-1.2054817677
001259,利仁科技,-1.304599762
002032,苏 泊 尔,-0.8069759011
002705,新宝股份,-0.8205070496
003023,彩虹集团,-0.3633536696
002614,奥佳华,-0.6362370253
603868,飞科电器,-0.8298014402
002242,九阳股份,-0.9225891829
603355,莱克电气,0.1216147542
603579,荣泰健康,-0.9919256568
603219,富佳股份,0.0226345658
002959,小熊电器,-0.7935144305
603486,科沃斯,-2.0048322678
002403,爱仕达,-0.5915215015
603551,奥普科技,-0.4374891818
002035,华帝股份,-0.7574000955
002543,万和电气,-0.186756134
002508,老板电器,-0.6074796319
002677,浙江美大,-0.3376460075
605336,帅丰电器,-0.5958560705
603366,日出东方,-0.4377898574
002219,新里程,-2.0715134144
002622,皓宸医疗,-1.4582109451
603456,九洲药业,-0.6665387154
603259,药明康德,-1.1268050671
000516,国际医学,-1.3308508396
000504,南华生物,-2.2543723583
002044,美年健康,-1.1777186394
603127,昭衍新药,-2.1890273094
002173,创新医疗,-1.2628443241
603882,金域医学,-1.6048282385
000710,贝瑞基因,-1.1598728895
002172,澳洋健康,-0.9428889155
002821,凯莱英,-1.0215647221
600763,通策医疗,-2.5710425377
600721,百花医药,-0.5961180925
002524,光正眼科,-0.3170947433
603613,国联股份,-0.8236790299
002640,跨境通,-1.3069343567
003010,若羽臣,-1.9284377098
002315,焦点科技,-0.7628648281
601113,华鼎股份,-0.7677670121
605136,丽人丽妆,-0.9239928722
002127,南极电商,-0.1352707148
600539,狮头股份,-1.2140114307
002803,吉宏股份,-1.3438972235
002607,中公教育,-2.3032488823
600661,昂立教育,-0.4115586579
002659,凯文教育,-0.7198537588
600455,博通股份,-1.1857411861
002093,国脉科技,-0.9535577297
600636,国新文化,-0.2485949695
003032,传智教育,-0.1472465098
000526,学大教育,-0.7233282924
600730,中国高科,-0.238332808
605098,行动教育,-0.2989228368
600880,博瑞传播,-0.7948503494
600826,兰生股份,-0.8443172574
002967,广电计量,-4.437661171
002057,中钢天源,-1.2640630007
003008,开普检测,-1.5463551283
603060,国检集团,-1.2704350948
002243,力合科创,-0.3111379147
600662,外服控股,-1.0852811337
603183,建研院,0.6648921967
600861,北京人力,-1.5305114985
600654,中安科,-0.4375085831
600158,中体产业,-1.2300149202
002858,力盛体育,-0.3385816216
000819,岳阳兴长,-2.38732481
600028,中国石化,-0.2579632401
002221,东华能源,-1.2084391117
600800,渤海化学,-0.3536182642
600688,上海石化,-0.2659806013
000703,恒逸石化,-0.4788685441
002408,齐翔腾达,-0.4657018185
000985,大庆华科,-1.4043506384
002493,荣盛石化,-1.0408923626
600346,恒力石化,-1.0314555168
000637,茂化实华,0.3130366802
601857,中国石油,-0.2290117741
603798,康普顿,-0.667071104
603223,恒通股份,-0.9649735689
000698,沈阳化工,-0.4058769047
000059,华锦股份,-1.557882905
001316,润贝航科,-1.0896751881
600506,统一股份,-0.6726381183
002377,国创高新,-2.4896845818
002476,宝莫股份,-1.1978206635
002986,宇新股份,-0.8492121696
000096,广聚能源,-0.8969359398
000554,泰山石油,-0.7113215327
603353,和顺石油,-0.6701971292
600323,瀚蓝环境,-0.697584033
603686,福龙马,-0.4465226233
601827,三峰环境,-0.7256621718
002973,侨银股份,-0.5640209317
600217,中再资环,6.220044136
002210,飞马国际,-1.3753340244
002266,浙富控股,-0.1624565125
001230,劲旅环境,
603588,高能环境,-0.1312486529
601200,上海环境,-0.6349613667
603568,伟明环保,-0.8248212934
601330,绿色动力,-0.3133050203
002034,旺能环境,-0.5235105753
002672,东江环保,-2.5920171738
603126,中材节能,-0.6836625338
000885,城发环境,-0.1769723445
000035,中国天楹,-1.2919695377
000803,山高环能,-2.4473204613
000551,创元科技,-4.0485076904
000967,盈峰环境,-1.4009213448
600388,龙净环保,-1.7074067593
002658,雪迪龙,-0.9614402056
600526,菲达环保,-1.5253047943
603324,盛剑科技,-0.9013572931
603282,亚光股份,-1.3737654686
603279,景津装备,-1.2509874105
600817,宇通重工,-0.8820000887
001336,楚环科技,-0.5835494995
000890,法尔胜,-0.9174419641
600187,国中水务,-3.0819983482
000598,兴蓉环境,-1.789603591
601158,重庆水务,-0.8181869984
603817,海峡环保,-0.1949068904
601368,绿城水务,-0.0229456425
600874,创业环保,-0.0826847553
600168,武汉控股,-0.8314692378
002778,中晟高科,-1.5653144121
003039,顺控发展,-0.3543007374
603759,海天股份,-1.5811283588
600283,钱江水利,-0.9648103714
601199,江南水务,-1.0193185806
000605,渤海股份,-1.884863019
600461,洪城环境,-0.452311039
000544,中原环保,-0.0406496823
000685,中山公用,-0.3579179049
603797,联泰环保,-0.3602234125
603903,中持股份,-0.1589929461
603291,联合水务,-0.7666589022
605081,太和水,-2.380302906
603200,上海洗霸,-0.9509637356
600769,祥龙电业,-2.0668506622
002549,凯美特气,-0.9136841297
600292,远达环保,
002573,清新环境,-0.8375729918
603177,德创环保,-1.4143159389
003027,同兴环保,-0.7321636081
603315,福鞍股份,-0.3598361611
600008,首创环保,-0.8693904877
002887,绿茵生态,-0.9930198193
600796,钱江生化,-1.3094155788
002645,华宏科技,-1.9891346693
603359,东珠生态,-0.757984519
000826,启迪环境,-3.0346384048
000068,华控赛格,-1.2935307026
002717,岭南股份,-0.603511095
605069,正和生态,-1.0685772896
603983,丸美股份,-1.9840426445
600315,上海家化,-0.6940748692
603630,拉芳家化,-0.3959216475
603605,珀莱雅,-1.0582661629
600223,福瑞达,-0.1571244299
003006,百亚股份,-0.6991975307
603059,倍加洁,0.0216756165
001328,登康口腔,-0.8616359234
001206,依依股份,-0.632807672
603238,诺邦股份,-0.2839588523
600249,两面针,-0.3385935426
002511,中顺洁柔,-0.2293891311
605009,豪悦护理,-0.0873987973
605166,聚合顺,-1.0579035282
600810,神马股份,-0.9983687997
600063,皖维高新,-0.9328280687
000782,恒申新材,-0.0033563972
002206,海 利 得,-0.5736076236
002427,尤夫股份,-1.1030827761
002998,优彩资源,-0.9948177338
603225,新凤鸣,-0.4460452199
601233,桐昆股份,-0.8614643812
603332,苏州龙杰,-0.6967502832
000936,华西股份,1.151030302
000677,恒天海龙,-3.1973199844
600370,三房巷,-0.3651597798
000949,新乡化纤,-0.6673233509
002064,华峰化学,-0.7124552727
002254,泰和新材,-0.6970261931
000420,吉林化纤,-1.1342240572
600889,南京化纤,-2.5961332321
603991,至正股份,
002108,沧州明珠,-1.1914541721
603330,天洋新材,-1.4704939127
603580,艾艾精工,-1.0726513863
002825,纳尔股份,-1.0995316505
605008,长鸿高科,-1.3025355339
002838,道恩股份,-2.1470518112
600143,金发科技,-1.1943526268
002886,沃特股份,-0.6446148157
002768,国恩股份,-0.8210508823
001333,光华股份,-0.6973693371
603928,兴业股份,-0.9259380698
002395,双象股份,-1.0385434628
002361,神剑股份,-1.2114031315
605589,圣泉集团,-1.0889151096
001255,博菲电气,-2.015871048
000301,东方盛虹,-0.8311481476
601208,东材科技,-0.7640560865
000920,沃顿科技,-0.6844706535
600135,乐凯胶片,-0.6105234027
605488,福莱新材,-1.8725677729
002585,双星新材,-0.5824180841
000973,佛塑科技,-0.4308119714
002522,浙江众成,-1.0220994949
002263,大东南,-0.724147439
002632,道明光学,-0.6913720965
000859,国风新材,-2.4961800575
603650,彤程新材,-1.0218324661
002224,三 力 士,-0.4137816131
603033,三维股份,-1.09055686
002381,双箭股份,-0.5001105666
001207,联科科技,-0.7016751766
002442,龙星化工,-0.3915094137
605183,确成股份,-0.4528143406
002753,永东股份,-0.4581789076
002068,黑猫股份,-0.7692626715
600495,晋西车轴,
601766,中国中车,
600528,中铁工业,
000925,众合科技,
605001,威奥股份,
002972,科安达,
605298,必得科技,
000008,神州高铁,
001324,长青科技,
603680,今创集团,
603111,康尼机电,
603500,祥和实业,
000158,常山北明,-3.9498281479
600225,卓朗科技,-3.2642931938
002777,久远银海,-2.3078536987
600446,金证股份,-1.151403904
002368,太极股份,-2.1513948441
002649,博彦科技,-0.9772580266
002380,科远智慧,-0.5211999416
600410,华胜天成,-1.1150791645
603859,能科科技,0.4832574725
000034,神州数码,-0.7858247757
002065,东华软件,-0.7659339905
600536,中国软件,-2.5801858902
600571,信雅达,-0.9572412968
002373,千方科技,-0.3000102043
000409,云鼎科技,-0.7005335093
600850,电科数字,-0.1932062209
000938,紫光股份,-1.6817528009
600728,佳都科技,-0.686720252
600718,东软集团,-1.0749571323
600271,航天信息,-0.4069077969
002195,岩山科技,-0.5919890404
600797,浙大网新,-3.6680870056
002908,德生科技,-0.7351574898
603171,税友股份,-0.600890398
603918,金桥信息,-0.8408315182
002401,中远海科,-1.6794952154
002421,达实智能,-0.0180416703
603138,海量数据,-1.4217115641
002609,捷顺科技,-0.7848976254
600131,国网信通,-2.1800074577
603636,南威软件,-3.4006409645
000555,神州信息,-1.9243221283
002657,中科金财,-1.1482840776
002331,皖通科技,-0.9034672976
002771,真视通,-0.9284141064
003005,竞业达,-1.1848335266
600845,宝信软件,-2.0091600418
002474,榕基软件,-0.7120945454
605398,新炬网络,-0.6389654875
600589,广东榕泰,-1.5781886578
002232,启明信息,-2.777692318
600756,浪潮软件,-1.9766288996
002642,荣联科技,-0.9645370841
600476,湘邮科技,-0.8854476213
600570,恒生电子,-1.9464600086
002261,拓维信息,6.1396455765
601519,大智慧,-1.8438550234
000503,国新健康,-2.9295315742
603383,顶点软件,-1.6539561749
002178,延华智能,-1.8789968491
600602,云赛智联,-1.2799953222
000948,南天信息,-1.3184468746
603189,网达软件,-1.1282244921
603927,中科软,-2.0726358891
002153,石基信息,-0.8260890841
002987,京北方,-0.103870213
002410,广联达,-2.3697907925
002212,天融信,-1.25743258
002405,四维图新,-1.8627328873
002230,科大讯飞,-2.0435891151
002362,汉王科技,-1.30131042
002322,理工能科,-1.2432785034
603039,泛微网络,-1.6137717962
002063,远光软件,-0.4439342022
600588,用友网络,-1.1854739189
002439,启明星辰,-1.3120398521
603232,格尔软件,-0.5423668623
003029,吉大正元,-1.3784396648
601360,三六零,-1.1548291445
000004,国华网安,-4.128616333
002279,久其软件,-2.5186810493
603528,多伦科技,-1.1220443249
003007,直真科技,-2.4496159554
603990,麦迪科技,-1.1806299686
002253,川大智胜,-3.4040513039
603728,鸣志电器,-0.745097518
003021,兆威机电,-0.5424270034
000922,佳电股份,-0.1007604301
600416,湘电股份,-0.375377059
002801,微光股份,-0.81553936
600580,卧龙电驱,0.3937096
002576,通达动力,
002249,大洋电机,-0.3494311571
603489,八方股份,-0.7261785865
002196,方正电机,0.9722212553
002892,科力尔,-0.9159805775
002823,凯中精密,-1.8783857822
603819,神力股份,-0.1489763856
603320,迪贝电气,-1.7107337713
603988,中电电机,-2.6615147591
600312,平高电气,-0.9189718962
002028,思源电气,-0.7966662645
603016,新宏泰,-2.7006430626
600525,长园集团,-1.1201281548
601567,三星医疗,-1.0621103048
600885,宏发股份,-1.1702361107
601179,中国西电,-1.8678150177
002452,长高电新,-0.7850945592
002112,三变科技,-1.0806806087
002350,北京科锐,-1.2372999191
600379,宝光股份,-0.6692330837
603861,白云电器,-1.1428917646
600550,保变电气,-3.8610296249
601877,正泰电器,-1.5326191187
002270,华明装备,-1.0790826082
605066,天正电气,-0.5415117145
002358,森源电气,-1.375131011
601616,广电电气,-0.5793403387
002346,柘中股份,-0.5431542993
000533,顺钠股份,-0.9537885785
600468,百利电气,-1.3216164112
002441,众业达,-0.5449821353
002927,泰永长征,-0.9548100233
603829,洛凯股份,-1.8724967241
603070,万控智造,-0.7532476187
002706,良信股份,-0.9714129567
002298,中电兴发,-0.8970891833
600192,长城电工,-2.1819391251
603097,江苏华辰,-0.8160855174
601126,四方股份,-0.8837304115
000682,东方电子,-0.5625611544
600406,国电南瑞,-1.0193214417
000400,许继电气,-0.6539227366
603556,海兴电力,-1.1355931759
600268,国电南自,-1.2527520657
603050,科林电气,-1.0689778328
002546,新联电子,-0.809926331
002169,智光电气,-0.1956988424
002090,金智科技,-0.5444338918
002980,华盛昌,-0.810967803
002339,积成电子,-0.9820086956
002121,科陆电子,-0.8554766178
002857,三晖电气,-0.8774824739
600869,远东股份,-2.3598701954
603606,东方电缆,-2.3431820869
600577,精达股份,-1.2661459446
002606,大连电瓷,-1.3791497946
002533,金杯电工,-0.7692568302
600973,宝胜股份,-0.6760481
002560,通达股份,-1.2988288403
002276,万马股份,-1.5478419065
603618,杭电股份,-0.9045011401
002879,长缆科技,-0.5205257535
002471,中超控股,-1.7144629955
002692,远程股份,-0.9563797116
002498,汉缆股份,-1.156269908
603577,汇金通,-0.7000030875
605196,华通线缆,-1.6317988634
000720,新能泰山,-2.4971790314
605222,起帆电缆,-0.7241989374
002300,太阳电缆,-0.5827217102
001208,华菱线缆,-0.747987628
601700,风范股份,-0.8940655589
002953,日丰股份,-0.7384190559
603897,长城科技,-0.6952326298
603333,尚纬股份,-1.2869608402
002882,金龙羽,-1.3050179482
603530,神马电力,-1.6251109838
002451,摩恩电气,-0.573563695
600151,航天机电,-1.097002387
002056,横店东磁,-1.7438868284
603778,国晟科技,-1.4995756149
603185,弘元绿能,-2.1096861362
605117,德业股份,-2.5060887337
600481,双良节能,-2.3393127918
002506,协鑫集成,-2.0139501095
603396,金辰股份,-1.5667984486
003022,联泓新科,-1.5130958557
002623,亚玛顿,-0.8561108112
600876,凯盛新能,-1.2849138975
600207,安彩高科,-1.7921066284
603398,沐邦高科,-1.2227911949
600438,通威股份,-1.9586465359
000821,京山轻机,-1.7573322058
601012,隆基绿能,-2.5296812057
002129,TCL中环,-3.0428900719
603212,赛伍技术,-2.9333109856
002865,钧达股份,-2.7160439491
001269,欧晶科技,-1.4408807755
601865,福莱特,-2.2958431244
600537,亿晶光电,-1.8687719107
600732,爱旭股份,-2.4007227421
603806,福斯特,-2.3707313538
603628,清源股份,-1.4546958208
002459,晶澳科技,-1.4409165382
002202,金风科技,-1.1681426764
002531,天顺风能,-0.8576676846
603507,振江股份,-1.3414440155
601218,吉鑫科技,-1.0720148087
601615,明阳智能,-1.019421339
002487,大金重工,-1.2100446224
603218,日月股份,-1.2880737782
603063,禾望电气,-1.263890624
600458,时代新材,-1.4732693434
603985,恒润股份,-0.8919974566
603906,龙蟠科技,-1.6032912731
002850,科达利,-2.3571491241
002580,圣阳股份,-1.1197750568
002812,恩捷股份,-2.3260526657
000009,中国宝安,-1.6347486973
002340,格林美,-2.1993503571
603031,安孚科技,-1.9310613871
002245,蔚蓝锂芯,-2.0313317776
600110,诺德股份,-1.8665440083
002074,国轩高科,-1.1704034805
601311,骆驼股份,-2.3287920952
600478,科力远,-1.7118128538
002733,雄韬股份,-2.5736684799
002805,丰元股份,-1.7366025448
600152,维科技术,-1.0942203999
000049,德赛电池,-2.1439490318
600847,万里股份,-1.5400543213
001301,尚太科技,-1.3863965273
002759,天际股份,-1.3566296101
002324,普利特,-1.6641298532
002709,天赐材料,-1.8701868057
603659,璞泰来,-2.0876607895
002125,湘潭电化,-2.0762996674
603032,德新科技,-1.3448213339
605378,野马电池,-1.6435683966
603026,石大胜华,-1.6693946123
001283,豪鹏科技,-1.7949340343
600884,杉杉股份,-1.802662611
600241,时代万恒,-1.8006391525
002851,麦格米特,8.8078365326
002335,科华数据,-1.3184909821
601727,上海电气,8.885471344
002364,中恒电气,-0.4089978635
600482,中国动力,-1.8077474833
002255,海陆重工,-0.2783342898
600875,东方电气,-1.1657891273
002534,西子洁能,-0.3291753829
002518,科士达,-0.3933956921
002630,华西能源,-1.8719670773
002366,融发核电,-0.1262410283
600405,动力源,-1.7928842306
002227,奥 特 迅,-0.6335178614
600212,绿能慧充,0.7304183245
